Deal_ID,Date,Year,Month,Quarter,Region,Product,Sales_Rep,Status,Revenue,Pipeline_Value,Deal_Size
D0001,2022-08-17,2022,August,Q3,North,Enterprise Suite,Emma Davis,Closed Won,10604.67,0,Large
D0002,2023-03-09,2023,March,Q1,North,Support Contract,Bob Martinez,In Pipeline,0,1637.16,Small
D0003,2023-09-09,2023,September,Q3,North,Pro Plan,David Kim,In Pipeline,0,4085.82,Medium
D0004,2023-04-05,2023,April,Q2,South,Support Contract,Grace Chen,Closed Won,2076.41,0,Small
D0005,2022-10-12,2022,October,Q4,North,Pro Plan,Grace Chen,Closed Won,4019.79,0,Medium
D0006,2022-04-10,2022,April,Q2,East,Enterprise Suite,Bob Martinez,Closed Lost,0,0,Large
D0007,2023-04-16,2023,April,Q2,East,Starter Pack,Emma Davis,Closed Won,1009.56,0,Small
D0008,2023-01-06,2023,January,Q1,West,Enterprise Suite,Emma Davis,In Pipeline,0,12878.47,Large
D0009,2022-03-23,2022,March,Q1,North,Enterprise Suite,David Kim,Closed Won,15758.29,0,Large
D0010,2023-10-13,2023,October,Q4,North,Add-On Bundle,Emma Davis,Closed Lost,0,0,Medium
D0011,2022-08-03,2022,August,Q3,East,Pro Plan,Frank Patel,Closed Won,5409.47,0,Medium
D0012,2022-09-08,2022,September,Q3,North,Support Contract,Carol Lee,In Pipeline,0,1708.24,Small
D0013,2022-02-27,2022,February,Q1,West,Starter Pack,David Kim,Closed Won,843.69,0,Small
D0014,2022-03-09,2022,March,Q1,North,Starter Pack,Grace Chen,Closed Won,833.93,0,Small
D0015,2023-02-10,2023,February,Q1,Central,Starter Pack,David Kim,Closed Lost,0,0,Small
D0016,2022-09-10,2022,September,Q3,West,Pro Plan,Emma Davis,Closed Won,5611.47,0,Medium
D0017,2023-02-13,2023,February,Q1,Central,Starter Pack,Grace Chen,In Pipeline,0,907.74,Small
D0018,2022-02-18,2022,February,Q1,South,Support Contract,Henry Brooks,Closed Won,2369.99,0,Small
D0019,2022-03-07,2022,March,Q1,South,Pro Plan,Grace Chen,In Pipeline,0,4569.44,Medium
D0020,2022-01-12,2022,January,Q1,Central,Add-On Bundle,Emma Davis,In Pipeline,0,2428.99,Medium
D0021,2022-04-25,2022,April,Q2,North,Support Contract,Emma Davis,Closed Won,1756.98,0,Small
D0022,2023-05-28,2023,May,Q2,South,Add-On Bundle,Alice Johnson,Closed Won,2765.79,0,Medium
D0023,2023-09-16,2023,September,Q3,Central,Enterprise Suite,Emma Davis,In Pipeline,0,11516.08,Large
D0024,2022-11-28,2022,November,Q4,East,Pro Plan,Alice Johnson,In Pipeline,0,4709.62,Medium
D0025,2022-03-01,2022,March,Q1,North,Starter Pack,Emma Davis,Closed Won,850.07,0,Small
D0026,2022-03-12,2022,March,Q1,Central,Enterprise Suite,Bob Martinez,Closed Lost,0,0,Large
D0027,2023-07-17,2023,July,Q3,Central,Pro Plan,Carol Lee,Closed Lost,0,0,Medium
D0028,2023-07-07,2023,July,Q3,South,Starter Pack,Grace Chen,Closed Won,1127.84,0,Small
D0029,2023-03-25,2023,March,Q1,South,Starter Pack,Grace Chen,Closed Won,1205.79,0,Small
D0030,2022-03-07,2022,March,Q1,West,Enterprise Suite,David Kim,Closed Won,12034.22,0,Large
D0031,2022-08-14,2022,August,Q3,Central,Support Contract,David Kim,In Pipeline,0,1623.88,Small
D0032,2022-12-05,2022,December,Q4,North,Pro Plan,Bob Martinez,Closed Won,3791.31,0,Medium
D0033,2023-07-07,2023,July,Q3,South,Starter Pack,Henry Brooks,Closed Won,791.45,0,Small
D0034,2023-04-30,2023,April,Q2,Central,Support Contract,Henry Brooks,Closed Won,2312.1,0,Small
D0035,2022-12-29,2022,December,Q4,South,Enterprise Suite,Bob Martinez,Closed Lost,0,0,Large
D0036,2023-11-21,2023,November,Q4,West,Add-On Bundle,Henry Brooks,Closed Won,2622.56,0,Medium
D0037,2022-04-22,2022,April,Q2,North,Enterprise Suite,Grace Chen,Closed Won,11390.33,0,Large
D0038,2023-03-09,2023,March,Q1,South,Support Contract,Henry Brooks,Closed Won,1638.17,0,Small
D0039,2023-07-18,2023,July,Q3,West,Pro Plan,Bob Martinez,Closed Lost,0,0,Medium
D0040,2022-08-31,2022,August,Q3,North,Enterprise Suite,Alice Johnson,Closed Won,10797.44,0,Large
D0041,2022-03-02,2022,March,Q1,West,Add-On Bundle,David Kim,Closed Lost,0,0,Medium
D0042,2022-09-29,2022,September,Q3,South,Add-On Bundle,Alice Johnson,Closed Lost,0,0,Medium
D0043,2023-11-09,2023,November,Q4,West,Starter Pack,Grace Chen,In Pipeline,0,1003.97,Small
D0044,2022-03-01,2022,March,Q1,South,Pro Plan,Emma Davis,Closed Won,5163.79,0,Medium
D0045,2022-02-21,2022,February,Q1,Central,Enterprise Suite,Frank Patel,Closed Won,13806.08,0,Large
D0046,2023-06-05,2023,June,Q2,Central,Support Contract,Carol Lee,Closed Won,1526.52,0,Small
D0047,2023-02-18,2023,February,Q1,South,Enterprise Suite,Bob Martinez,Closed Won,10463.18,0,Large
D0048,2022-03-25,2022,March,Q1,Central,Pro Plan,Alice Johnson,In Pipeline,0,4615.95,Medium
D0049,2022-07-29,2022,July,Q3,Central,Support Contract,Frank Patel,Closed Won,2163.3,0,Small
D0050,2022-05-15,2022,May,Q2,East,Pro Plan,Emma Davis,Closed Lost,0,0,Medium
D0051,2022-01-10,2022,January,Q1,East,Add-On Bundle,Frank Patel,Closed Won,2364.94,0,Medium
D0052,2022-08-07,2022,August,Q3,Central,Enterprise Suite,Bob Martinez,In Pipeline,0,12621.18,Large
D0053,2023-01-14,2023,January,Q1,South,Starter Pack,Bob Martinez,Closed Won,873.89,0,Small
D0054,2023-11-01,2023,November,Q4,West,Support Contract,Emma Davis,In Pipeline,0,1905.63,Small
D0055,2022-09-28,2022,September,Q3,Central,Starter Pack,Bob Martinez,Closed Won,782.33,0,Small
D0056,2022-10-16,2022,October,Q4,North,Support Contract,Carol Lee,Closed Won,2093.22,0,Small
D0057,2023-05-16,2023,May,Q2,East,Pro Plan,Emma Davis,In Pipeline,0,4389.01,Medium
D0058,2022-02-15,2022,February,Q1,North,Enterprise Suite,Grace Chen,Closed Won,9625.53,0,Large
D0059,2023-07-19,2023,July,Q3,South,Starter Pack,Carol Lee,Closed Lost,0,0,Small
D0060,2022-03-19,2022,March,Q1,West,Support Contract,Alice Johnson,Closed Won,2460.66,0,Small
D0061,2023-08-20,2023,August,Q3,South,Support Contract,Alice Johnson,Closed Won,2036.73,0,Small
D0062,2023-01-09,2023,January,Q1,West,Pro Plan,Alice Johnson,Closed Won,6027.25,0,Medium
D0063,2023-11-14,2023,November,Q4,North,Starter Pack,David Kim,Closed Won,775.51,0,Small
D0064,2022-06-16,2022,June,Q2,Central,Add-On Bundle,Carol Lee,Closed Won,3048.59,0,Medium
D0065,2022-12-07,2022,December,Q4,South,Add-On Bundle,Alice Johnson,Closed Won,2792.75,0,Medium
D0066,2023-12-20,2023,December,Q4,West,Pro Plan,Emma Davis,Closed Won,3891.86,0,Medium
D0067,2023-04-17,2023,April,Q2,North,Add-On Bundle,David Kim,Closed Won,2221.55,0,Medium
D0068,2023-02-13,2023,February,Q1,South,Pro Plan,Alice Johnson,Closed Won,4486.31,0,Medium
D0069,2023-02-14,2023,February,Q1,North,Starter Pack,Frank Patel,In Pipeline,0,993.47,Small
D0070,2022-09-25,2022,September,Q3,Central,Starter Pack,Alice Johnson,Closed Won,816.43,0,Small
D0071,2023-03-21,2023,March,Q1,East,Enterprise Suite,Bob Martinez,In Pipeline,0,12044.47,Large
D0072,2023-08-14,2023,August,Q3,East,Add-On Bundle,Bob Martinez,Closed Lost,0,0,Medium
D0073,2022-01-02,2022,January,Q1,South,Starter Pack,Alice Johnson,Closed Lost,0,0,Small
D0074,2023-03-18,2023,March,Q1,Central,Support Contract,David Kim,Closed Won,1515.57,0,Small
D0075,2022-11-04,2022,November,Q4,East,Support Contract,Frank Patel,Closed Won,1987.69,0,Small
D0076,2023-07-22,2023,July,Q3,West,Starter Pack,Grace Chen,Closed Won,788.74,0,Small
D0077,2023-08-06,2023,August,Q3,West,Add-On Bundle,Carol Lee,In Pipeline,0,2178.63,Medium
D0078,2022-08-04,2022,August,Q3,Central,Enterprise Suite,Emma Davis,Closed Won,12695.19,0,Large
D0079,2023-03-29,2023,March,Q1,Central,Support Contract,Frank Patel,Closed Lost,0,0,Small
D0080,2023-11-06,2023,November,Q4,West,Pro Plan,Henry Brooks,Closed Won,3828.95,0,Medium
D0081,2022-08-29,2022,August,Q3,Central,Support Contract,Frank Patel,Closed Won,2166.62,0,Small
D0082,2022-02-17,2022,February,Q1,South,Pro Plan,Carol Lee,Closed Won,4261.07,0,Medium
D0083,2023-03-01,2023,March,Q1,West,Support Contract,Bob Martinez,Closed Lost,0,0,Small
D0084,2023-02-14,2023,February,Q1,Central,Pro Plan,Grace Chen,Closed Lost,0,0,Medium
D0085,2023-03-12,2023,March,Q1,South,Pro Plan,Alice Johnson,Closed Won,4190.87,0,Medium
D0086,2022-09-13,2022,September,Q3,Central,Add-On Bundle,Alice Johnson,In Pipeline,0,2585.53,Medium
D0087,2023-11-15,2023,November,Q4,North,Add-On Bundle,Carol Lee,Closed Lost,0,0,Medium
D0088,2023-09-20,2023,September,Q3,Central,Support Contract,Frank Patel,Closed Lost,0,0,Small
D0089,2023-05-02,2023,May,Q2,Central,Add-On Bundle,Henry Brooks,Closed Won,2354.09,0,Medium
D0090,2022-10-09,2022,October,Q4,South,Starter Pack,Henry Brooks,Closed Won,957.53,0,Small
D0091,2022-11-24,2022,November,Q4,East,Pro Plan,Emma Davis,Closed Won,6011.17,0,Medium
D0092,2023-01-28,2023,January,Q1,North,Pro Plan,Carol Lee,Closed Won,5473.66,0,Medium
D0093,2022-12-05,2022,December,Q4,South,Enterprise Suite,Grace Chen,Closed Lost,0,0,Large
D0094,2022-07-31,2022,July,Q3,Central,Add-On Bundle,Grace Chen,Closed Won,2859.42,0,Medium
D0095,2023-01-25,2023,January,Q1,West,Support Contract,Alice Johnson,In Pipeline,0,1877.57,Small
D0096,2023-07-06,2023,July,Q3,East,Starter Pack,Grace Chen,Closed Lost,0,0,Small
D0097,2022-08-13,2022,August,Q3,Central,Support Contract,David Kim,Closed Lost,0,0,Small
D0098,2023-02-03,2023,February,Q1,East,Add-On Bundle,Henry Brooks,Closed Won,2203.69,0,Medium
D0099,2023-09-30,2023,September,Q3,West,Pro Plan,Henry Brooks,Closed Won,5042.13,0,Medium
D0100,2023-10-21,2023,October,Q4,West,Support Contract,Alice Johnson,Closed Won,1902.9,0,Small
D0101,2023-01-24,2023,January,Q1,West,Pro Plan,Alice Johnson,Closed Won,4483.85,0,Medium
D0102,2022-10-12,2022,October,Q4,West,Starter Pack,Frank Patel,Closed Lost,0,0,Small
D0103,2022-01-20,2022,January,Q1,West,Starter Pack,Bob Martinez,Closed Lost,0,0,Small
D0104,2023-10-28,2023,October,Q4,Central,Enterprise Suite,Frank Patel,Closed Won,10094.05,0,Large
D0105,2022-01-21,2022,January,Q1,North,Enterprise Suite,David Kim,Closed Won,14073.62,0,Large
D0106,2023-08-01,2023,August,Q3,South,Pro Plan,Henry Brooks,Closed Won,6158.94,0,Medium
D0107,2023-09-13,2023,September,Q3,West,Starter Pack,Frank Patel,Closed Won,1047.91,0,Small
D0108,2023-08-16,2023,August,Q3,North,Pro Plan,Emma Davis,Closed Won,3669.33,0,Medium
D0109,2022-07-23,2022,July,Q3,East,Support Contract,Grace Chen,Closed Lost,0,0,Small
D0110,2023-12-15,2023,December,Q4,North,Support Contract,David Kim,Closed Won,2274.28,0,Small
D0111,2023-06-30,2023,June,Q2,Central,Enterprise Suite,Alice Johnson,Closed Won,12684.32,0,Large
D0112,2023-03-07,2023,March,Q1,East,Enterprise Suite,Frank Patel,Closed Won,15520.78,0,Large
D0113,2023-12-26,2023,December,Q4,North,Add-On Bundle,Frank Patel,Closed Lost,0,0,Medium
D0114,2023-10-29,2023,October,Q4,South,Add-On Bundle,Carol Lee,In Pipeline,0,2158.25,Medium
D0115,2023-08-30,2023,August,Q3,Central,Add-On Bundle,Henry Brooks,Closed Lost,0,0,Medium
D0116,2022-10-13,2022,October,Q4,East,Starter Pack,David Kim,Closed Won,1196.08,0,Small
D0117,2022-01-30,2022,January,Q1,South,Add-On Bundle,Grace Chen,Closed Won,2412.48,0,Medium
D0118,2022-12-30,2022,December,Q4,East,Pro Plan,Henry Brooks,Closed Won,5754.15,0,Medium
D0119,2022-01-11,2022,January,Q1,East,Starter Pack,Emma Davis,In Pipeline,0,949.49,Small
D0120,2023-05-16,2023,May,Q2,South,Enterprise Suite,David Kim,Closed Lost,0,0,Large
D0121,2023-04-04,2023,April,Q2,Central,Pro Plan,Henry Brooks,Closed Lost,0,0,Medium
D0122,2023-02-19,2023,February,Q1,North,Enterprise Suite,Emma Davis,Closed Won,14580.87,0,Large
D0123,2023-07-21,2023,July,Q3,East,Support Contract,Frank Patel,Closed Lost,0,0,Small
D0124,2022-12-05,2022,December,Q4,Central,Starter Pack,Grace Chen,In Pipeline,0,904.99,Small
D0125,2022-08-25,2022,August,Q3,West,Starter Pack,Emma Davis,Closed Won,785.15,0,Small
D0126,2023-12-08,2023,December,Q4,South,Starter Pack,Bob Martinez,In Pipeline,0,859.99,Small
D0127,2023-06-22,2023,June,Q2,South,Add-On Bundle,Emma Davis,In Pipeline,0,2373.88,Medium
D0128,2023-01-05,2023,January,Q1,North,Pro Plan,Emma Davis,Closed Won,4084.49,0,Medium
D0129,2022-02-16,2022,February,Q1,North,Support Contract,Carol Lee,Closed Won,2492.24,0,Small
D0130,2022-04-16,2022,April,Q2,Central,Starter Pack,Carol Lee,Closed Lost,0,0,Small
D0131,2023-05-06,2023,May,Q2,North,Support Contract,Emma Davis,Closed Lost,0,0,Small
D0132,2022-09-16,2022,September,Q3,West,Starter Pack,Carol Lee,Closed Won,1228.17,0,Small
D0133,2023-05-19,2023,May,Q2,West,Enterprise Suite,Bob Martinez,Closed Lost,0,0,Large
D0134,2022-06-02,2022,June,Q2,North,Support Contract,Alice Johnson,Closed Won,2316.03,0,Small
D0135,2023-07-26,2023,July,Q3,East,Enterprise Suite,David Kim,Closed Won,15103.99,0,Large
D0136,2023-01-25,2023,January,Q1,Central,Support Contract,David Kim,In Pipeline,0,1863.28,Small
D0137,2023-08-06,2023,August,Q3,West,Starter Pack,Grace Chen,Closed Won,1055.35,0,Small
D0138,2022-09-28,2022,September,Q3,Central,Enterprise Suite,David Kim,Closed Won,14355.08,0,Large
D0139,2022-03-18,2022,March,Q1,South,Pro Plan,Carol Lee,In Pipeline,0,4261.32,Medium
D0140,2022-02-03,2022,February,Q1,West,Add-On Bundle,Henry Brooks,Closed Won,2065.55,0,Medium
D0141,2022-09-28,2022,September,Q3,East,Add-On Bundle,Bob Martinez,Closed Won,2799.93,0,Medium
D0142,2023-07-12,2023,July,Q3,Central,Pro Plan,Grace Chen,Closed Won,4206.99,0,Medium
D0143,2022-03-03,2022,March,Q1,South,Starter Pack,Carol Lee,Closed Won,809.6,0,Small
D0144,2022-05-08,2022,May,Q2,East,Support Contract,Emma Davis,Closed Lost,0,0,Small
D0145,2023-05-28,2023,May,Q2,West,Starter Pack,Grace Chen,Closed Won,1011.59,0,Small
D0146,2022-11-27,2022,November,Q4,West,Enterprise Suite,Alice Johnson,Closed Lost,0,0,Large
D0147,2022-08-23,2022,August,Q3,Central,Starter Pack,Alice Johnson,Closed Won,1239.43,0,Small
D0148,2023-08-14,2023,August,Q3,Central,Support Contract,Alice Johnson,Closed Won,1483.45,0,Small
D0149,2022-07-05,2022,July,Q3,South,Add-On Bundle,Henry Brooks,Closed Won,3075.97,0,Medium
D0150,2022-12-23,2022,December,Q4,West,Add-On Bundle,Bob Martinez,Closed Lost,0,0,Medium
D0151,2022-06-14,2022,June,Q2,West,Starter Pack,Frank Patel,Closed Won,898.09,0,Small
D0152,2022-02-07,2022,February,Q1,West,Starter Pack,Grace Chen,In Pipeline,0,932.8,Small
D0153,2023-02-18,2023,February,Q1,East,Starter Pack,Frank Patel,Closed Won,1187.05,0,Small
D0154,2022-02-25,2022,February,Q1,North,Support Contract,Henry Brooks,Closed Lost,0,0,Small
D0155,2023-05-26,2023,May,Q2,South,Support Contract,Frank Patel,In Pipeline,0,1957.72,Small
D0156,2022-05-15,2022,May,Q2,North,Pro Plan,Emma Davis,In Pipeline,0,5302.36,Medium
D0157,2023-10-08,2023,October,Q4,West,Add-On Bundle,Bob Martinez,Closed Won,2563.71,0,Medium
D0158,2022-01-15,2022,January,Q1,South,Pro Plan,Emma Davis,In Pipeline,0,4795.54,Medium
D0159,2022-05-01,2022,May,Q2,North,Pro Plan,Bob Martinez,Closed Lost,0,0,Medium
D0160,2023-12-24,2023,December,Q4,South,Add-On Bundle,Emma Davis,In Pipeline,0,2160.46,Medium
D0161,2023-07-19,2023,July,Q3,West,Add-On Bundle,David Kim,Closed Lost,0,0,Medium
D0162,2023-06-05,2023,June,Q2,South,Add-On Bundle,David Kim,In Pipeline,0,2472.55,Medium
D0163,2022-12-15,2022,December,Q4,South,Enterprise Suite,Emma Davis,Closed Lost,0,0,Large
D0164,2022-11-02,2022,November,Q4,Central,Starter Pack,Alice Johnson,Closed Won,1172.24,0,Small
D0165,2023-07-06,2023,July,Q3,Central,Add-On Bundle,Carol Lee,Closed Lost,0,0,Medium
D0166,2023-07-11,2023,July,Q3,West,Starter Pack,Frank Patel,In Pipeline,0,911.85,Small
D0167,2023-01-28,2023,January,Q1,East,Pro Plan,David Kim,In Pipeline,0,4365.31,Medium
D0168,2023-12-24,2023,December,Q4,West,Enterprise Suite,Frank Patel,Closed Lost,0,0,Large
D0169,2022-02-07,2022,February,Q1,West,Add-On Bundle,Carol Lee,Closed Lost,0,0,Medium
D0170,2023-03-27,2023,March,Q1,South,Support Contract,Frank Patel,Closed Won,1547.69,0,Small
D0171,2023-11-02,2023,November,Q4,West,Enterprise Suite,Carol Lee,Closed Lost,0,0,Large
D0172,2022-12-13,2022,December,Q4,South,Enterprise Suite,Henry Brooks,Closed Won,14087.47,0,Large
D0173,2023-01-25,2023,January,Q1,West,Enterprise Suite,Frank Patel,In Pipeline,0,14234.9,Large
D0174,2022-03-12,2022,March,Q1,West,Support Contract,Alice Johnson,In Pipeline,0,1746.78,Small
D0175,2022-04-11,2022,April,Q2,East,Pro Plan,Bob Martinez,Closed Lost,0,0,Medium
D0176,2022-01-30,2022,January,Q1,North,Add-On Bundle,Carol Lee,Closed Won,1820.71,0,Medium
D0177,2023-03-18,2023,March,Q1,North,Starter Pack,Frank Patel,Closed Won,798.61,0,Small
D0178,2022-06-29,2022,June,Q2,Central,Add-On Bundle,Carol Lee,Closed Won,1864.24,0,Medium
D0179,2023-08-21,2023,August,Q3,West,Support Contract,David Kim,Closed Lost,0,0,Small
D0180,2023-04-16,2023,April,Q2,South,Pro Plan,Henry Brooks,Closed Won,4289.38,0,Medium
D0181,2022-06-11,2022,June,Q2,North,Add-On Bundle,Emma Davis,In Pipeline,0,2028.75,Medium
D0182,2023-12-08,2023,December,Q4,East,Support Contract,Emma Davis,Closed Lost,0,0,Small
D0183,2023-01-29,2023,January,Q1,East,Add-On Bundle,Emma Davis,Closed Won,2886.4,0,Medium
D0184,2023-01-03,2023,January,Q1,North,Pro Plan,Grace Chen,In Pipeline,0,4826.0,Medium
D0185,2022-01-09,2022,January,Q1,East,Enterprise Suite,Grace Chen,Closed Won,13674.69,0,Large
D0186,2022-08-24,2022,August,Q3,North,Support Contract,Henry Brooks,Closed Won,2095.63,0,Small
D0187,2022-09-14,2022,September,Q3,East,Pro Plan,David Kim,In Pipeline,0,4964.98,Medium
D0188,2023-03-28,2023,March,Q1,South,Enterprise Suite,Alice Johnson,Closed Won,9840.22,0,Large
D0189,2022-12-01,2022,December,Q4,East,Pro Plan,Bob Martinez,Closed Won,5618.2,0,Medium
D0190,2023-01-10,2023,January,Q1,South,Pro Plan,Carol Lee,In Pipeline,0,4766.65,Medium
D0191,2022-10-30,2022,October,Q4,East,Pro Plan,Emma Davis,Closed Lost,0,0,Medium
D0192,2022-05-25,2022,May,Q2,East,Enterprise Suite,Henry Brooks,Closed Won,15029.89,0,Large
D0193,2023-02-09,2023,February,Q1,South,Add-On Bundle,Frank Patel,Closed Won,1778.37,0,Medium
D0194,2023-11-20,2023,November,Q4,Central,Enterprise Suite,Henry Brooks,Closed Won,14992.88,0,Large
D0195,2022-04-21,2022,April,Q2,East,Support Contract,Grace Chen,Closed Won,2168.82,0,Small
D0196,2022-08-15,2022,August,Q3,West,Enterprise Suite,Frank Patel,In Pipeline,0,13131.55,Large
D0197,2022-05-24,2022,May,Q2,West,Starter Pack,Grace Chen,Closed Won,744.49,0,Small
D0198,2022-04-10,2022,April,Q2,North,Starter Pack,Henry Brooks,Closed Won,846.79,0,Small
D0199,2023-01-15,2023,January,Q1,Central,Pro Plan,Grace Chen,Closed Lost,0,0,Medium
D0200,2023-11-02,2023,November,Q4,Central,Add-On Bundle,Carol Lee,Closed Lost,0,0,Medium
D0201,2022-02-03,2022,February,Q1,North,Add-On Bundle,Grace Chen,Closed Won,2671.17,0,Medium
D0202,2023-01-07,2023,January,Q1,South,Add-On Bundle,Henry Brooks,Closed Won,1891.15,0,Medium
D0203,2023-02-12,2023,February,Q1,East,Support Contract,Frank Patel,Closed Won,1737.95,0,Small
D0204,2023-10-20,2023,October,Q4,North,Add-On Bundle,Bob Martinez,Closed Won,2604.13,0,Medium
D0205,2022-05-09,2022,May,Q2,North,Enterprise Suite,Frank Patel,Closed Won,15266.24,0,Large
D0206,2022-08-10,2022,August,Q3,South,Enterprise Suite,David Kim,In Pipeline,0,13726.99,Large
D0207,2022-01-03,2022,January,Q1,South,Starter Pack,Carol Lee,In Pipeline,0,884.86,Small
D0208,2022-04-23,2022,April,Q2,South,Pro Plan,Emma Davis,Closed Won,5384.86,0,Medium
D0209,2022-09-01,2022,September,Q3,North,Pro Plan,Alice Johnson,Closed Won,5189.9,0,Medium
D0210,2022-05-10,2022,May,Q2,North,Pro Plan,Emma Davis,Closed Won,5602.64,0,Medium
D0211,2023-04-05,2023,April,Q2,Central,Enterprise Suite,Bob Martinez,Closed Lost,0,0,Large
D0212,2023-05-31,2023,May,Q2,East,Support Contract,Bob Martinez,Closed Lost,0,0,Small
D0213,2022-11-05,2022,November,Q4,South,Support Contract,Alice Johnson,In Pipeline,0,1867.34,Small
D0214,2023-03-13,2023,March,Q1,North,Enterprise Suite,Henry Brooks,Closed Lost,0,0,Large
D0215,2022-03-24,2022,March,Q1,North,Add-On Bundle,Henry Brooks,Closed Won,2185.19,0,Medium
D0216,2023-10-02,2023,October,Q4,South,Enterprise Suite,Carol Lee,Closed Won,14158.15,0,Large
D0217,2023-06-28,2023,June,Q2,Central,Starter Pack,Grace Chen,In Pipeline,0,889.62,Small
D0218,2023-12-20,2023,December,Q4,Central,Support Contract,Grace Chen,Closed Won,1563.57,0,Small
D0219,2022-08-22,2022,August,Q3,Central,Pro Plan,Grace Chen,Closed Lost,0,0,Medium
D0220,2023-03-02,2023,March,Q1,West,Starter Pack,Henry Brooks,Closed Lost,0,0,Small
D0221,2023-11-13,2023,November,Q4,North,Starter Pack,Grace Chen,Closed Won,857.64,0,Small
D0222,2022-03-29,2022,March,Q1,South,Add-On Bundle,Bob Martinez,Closed Won,1883.06,0,Medium
D0223,2022-03-03,2022,March,Q1,North,Starter Pack,Carol Lee,In Pipeline,0,968.35,Small
D0224,2023-02-25,2023,February,Q1,Central,Support Contract,Frank Patel,Closed Won,1821.89,0,Small
D0225,2022-11-16,2022,November,Q4,West,Enterprise Suite,Emma Davis,In Pipeline,0,12065.93,Large
D0226,2023-11-04,2023,November,Q4,Central,Support Contract,David Kim,Closed Won,1960.76,0,Small
D0227,2022-10-13,2022,October,Q4,North,Starter Pack,Frank Patel,Closed Won,1030.01,0,Small
D0228,2023-11-05,2023,November,Q4,West,Support Contract,Alice Johnson,In Pipeline,0,2067.91,Small
D0229,2023-12-21,2023,December,Q4,East,Enterprise Suite,Carol Lee,Closed Won,15089.35,0,Large
D0230,2022-05-27,2022,May,Q2,East,Starter Pack,Alice Johnson,Closed Won,1025.81,0,Small
D0231,2022-04-04,2022,April,Q2,West,Enterprise Suite,Carol Lee,Closed Won,14972.0,0,Large
D0232,2022-12-16,2022,December,Q4,South,Add-On Bundle,Grace Chen,Closed Lost,0,0,Medium
D0233,2023-08-05,2023,August,Q3,South,Starter Pack,Emma Davis,Closed Won,1041.96,0,Small
D0234,2022-02-20,2022,February,Q1,North,Pro Plan,Carol Lee,In Pipeline,0,4959.86,Medium
D0235,2023-09-14,2023,September,Q3,East,Add-On Bundle,Grace Chen,Closed Lost,0,0,Medium
D0236,2023-06-09,2023,June,Q2,West,Add-On Bundle,Emma Davis,Closed Won,1910.24,0,Medium
D0237,2023-05-14,2023,May,Q2,West,Enterprise Suite,Emma Davis,In Pipeline,0,12696.96,Large
D0238,2023-09-06,2023,September,Q3,East,Enterprise Suite,David Kim,Closed Lost,0,0,Large
D0239,2022-08-05,2022,August,Q3,North,Enterprise Suite,David Kim,Closed Won,15124.92,0,Large
D0240,2022-01-08,2022,January,Q1,East,Starter Pack,Frank Patel,Closed Won,988.59,0,Small
D0241,2023-06-30,2023,June,Q2,West,Pro Plan,Carol Lee,Closed Lost,0,0,Medium
D0242,2023-02-11,2023,February,Q1,South,Support Contract,Frank Patel,Closed Won,2370.71,0,Small
D0243,2022-03-21,2022,March,Q1,North,Add-On Bundle,Alice Johnson,Closed Lost,0,0,Medium
D0244,2023-02-19,2023,February,Q1,East,Support Contract,Grace Chen,In Pipeline,0,2003.13,Small
D0245,2022-01-22,2022,January,Q1,West,Starter Pack,Bob Martinez,Closed Lost,0,0,Small
D0246,2022-04-01,2022,April,Q2,East,Pro Plan,Henry Brooks,Closed Won,4779.12,0,Medium
D0247,2023-02-15,2023,February,Q1,North,Pro Plan,Grace Chen,In Pipeline,0,4757.35,Medium
D0248,2022-12-08,2022,December,Q4,West,Starter Pack,Frank Patel,Closed Won,1140.72,0,Small
D0249,2023-06-07,2023,June,Q2,North,Support Contract,Bob Martinez,In Pipeline,0,1724.71,Small
D0250,2022-04-16,2022,April,Q2,East,Starter Pack,Carol Lee,Closed Won,799.08,0,Small
D0251,2022-07-01,2022,July,Q3,South,Pro Plan,Carol Lee,Closed Won,6168.49,0,Medium
D0252,2023-10-21,2023,October,Q4,West,Add-On Bundle,Henry Brooks,In Pipeline,0,2399.3,Medium
D0253,2023-03-27,2023,March,Q1,Central,Starter Pack,Frank Patel,Closed Won,756.87,0,Small
D0254,2022-02-27,2022,February,Q1,West,Starter Pack,Emma Davis,In Pipeline,0,905.02,Small
D0255,2022-02-08,2022,February,Q1,North,Starter Pack,Henry Brooks,Closed Lost,0,0,Small
D0256,2023-10-23,2023,October,Q4,North,Starter Pack,Emma Davis,Closed Won,1186.7,0,Small
D0257,2023-08-18,2023,August,Q3,North,Support Contract,Grace Chen,Closed Lost,0,0,Small
D0258,2023-10-30,2023,October,Q4,Central,Enterprise Suite,Henry Brooks,In Pipeline,0,11477.66,Large
D0259,2023-04-07,2023,April,Q2,Central,Add-On Bundle,Carol Lee,Closed Won,1896.62,0,Medium
D0260,2022-09-11,2022,September,Q3,East,Enterprise Suite,Carol Lee,Closed Won,14694.88,0,Large
D0261,2023-01-17,2023,January,Q1,West,Support Contract,Carol Lee,Closed Won,2431.37,0,Small
D0262,2022-02-23,2022,February,Q1,West,Add-On Bundle,Frank Patel,In Pipeline,0,2500.89,Medium
D0263,2023-07-26,2023,July,Q3,East,Enterprise Suite,Frank Patel,Closed Won,14484.33,0,Large
D0264,2022-03-25,2022,March,Q1,East,Starter Pack,Carol Lee,Closed Won,1034.68,0,Small
D0265,2022-05-13,2022,May,Q2,South,Starter Pack,Emma Davis,Closed Lost,0,0,Small
D0266,2023-01-21,2023,January,Q1,Central,Enterprise Suite,Emma Davis,In Pipeline,0,13116.58,Large
D0267,2023-06-05,2023,June,Q2,East,Pro Plan,Bob Martinez,Closed Lost,0,0,Medium
D0268,2022-07-04,2022,July,Q3,East,Enterprise Suite,Frank Patel,Closed Won,16448.42,0,Large
D0269,2022-05-21,2022,May,Q2,East,Add-On Bundle,David Kim,Closed Won,1964.53,0,Medium
D0270,2023-09-25,2023,September,Q3,East,Enterprise Suite,Alice Johnson,Closed Won,10543.55,0,Large
D0271,2023-12-11,2023,December,Q4,West,Pro Plan,Carol Lee,Closed Won,5681.96,0,Medium
D0272,2023-01-09,2023,January,Q1,South,Add-On Bundle,Alice Johnson,Closed Lost,0,0,Medium
D0273,2022-08-28,2022,August,Q3,South,Add-On Bundle,Emma Davis,Closed Lost,0,0,Medium
D0274,2022-07-18,2022,July,Q3,Central,Pro Plan,Emma Davis,Closed Lost,0,0,Medium
D0275,2022-10-16,2022,October,Q4,East,Support Contract,Henry Brooks,Closed Lost,0,0,Small
D0276,2022-07-24,2022,July,Q3,West,Support Contract,Grace Chen,Closed Won,2305.36,0,Small
D0277,2023-01-16,2023,January,Q1,South,Starter Pack,Alice Johnson,Closed Lost,0,0,Small
D0278,2022-03-27,2022,March,Q1,Central,Enterprise Suite,Bob Martinez,Closed Won,15094.44,0,Large
D0279,2022-04-04,2022,April,Q2,East,Add-On Bundle,Carol Lee,Closed Lost,0,0,Medium
D0280,2023-03-01,2023,March,Q1,South,Add-On Bundle,Frank Patel,Closed Won,1830.3,0,Medium
D0281,2022-03-25,2022,March,Q1,Central,Starter Pack,David Kim,Closed Lost,0,0,Small
D0282,2022-04-12,2022,April,Q2,East,Pro Plan,Alice Johnson,Closed Won,5865.78,0,Medium
D0283,2022-10-21,2022,October,Q4,East,Pro Plan,Carol Lee,Closed Won,6076.97,0,Medium
D0284,2023-09-23,2023,September,Q3,West,Pro Plan,Henry Brooks,Closed Lost,0,0,Medium
D0285,2022-08-09,2022,August,Q3,North,Enterprise Suite,Alice Johnson,Closed Won,15611.73,0,Large
D0286,2022-10-23,2022,October,Q4,Central,Support Contract,Grace Chen,Closed Won,1696.65,0,Small
D0287,2023-10-17,2023,October,Q4,North,Enterprise Suite,David Kim,Closed Lost,0,0,Large
D0288,2023-05-27,2023,May,Q2,Central,Add-On Bundle,Bob Martinez,Closed Won,2547.7,0,Medium
D0289,2022-10-26,2022,October,Q4,North,Support Contract,David Kim,Closed Won,1903.58,0,Small
D0290,2023-03-03,2023,March,Q1,Central,Starter Pack,David Kim,In Pipeline,0,860.57,Small
D0291,2023-06-23,2023,June,Q2,North,Support Contract,Frank Patel,Closed Won,2027.61,0,Small
D0292,2023-04-27,2023,April,Q2,Central,Support Contract,Alice Johnson,Closed Lost,0,0,Small
D0293,2022-01-17,2022,January,Q1,North,Add-On Bundle,Frank Patel,Closed Won,2231.36,0,Medium
D0294,2023-08-19,2023,August,Q3,North,Starter Pack,David Kim,Closed Won,1117.0,0,Small
D0295,2023-07-14,2023,July,Q3,East,Pro Plan,Alice Johnson,Closed Won,4514.08,0,Medium
D0296,2022-05-19,2022,May,Q2,South,Add-On Bundle,Henry Brooks,Closed Won,1843.29,0,Medium
D0297,2022-02-14,2022,February,Q1,West,Enterprise Suite,Emma Davis,Closed Won,15295.99,0,Large
D0298,2023-02-12,2023,February,Q1,North,Starter Pack,Emma Davis,In Pipeline,0,1077.06,Small
D0299,2023-10-25,2023,October,Q4,Central,Add-On Bundle,Emma Davis,Closed Won,2012.26,0,Medium
D0300,2022-05-08,2022,May,Q2,East,Enterprise Suite,Frank Patel,Closed Won,15355.27,0,Large
D0301,2022-12-14,2022,December,Q4,West,Add-On Bundle,Henry Brooks,Closed Lost,0,0,Medium
D0302,2023-06-16,2023,June,Q2,South,Add-On Bundle,Henry Brooks,Closed Won,2112.07,0,Medium
D0303,2023-09-09,2023,September,Q3,North,Add-On Bundle,Bob Martinez,Closed Lost,0,0,Medium
D0304,2022-04-16,2022,April,Q2,South,Support Contract,Emma Davis,Closed Won,1526.47,0,Small
D0305,2023-03-13,2023,March,Q1,East,Starter Pack,Henry Brooks,In Pipeline,0,854.99,Small
D0306,2022-12-28,2022,December,Q4,West,Starter Pack,Henry Brooks,Closed Won,1052.02,0,Small
D0307,2023-11-19,2023,November,Q4,West,Starter Pack,Alice Johnson,Closed Won,1064.26,0,Small
D0308,2022-05-27,2022,May,Q2,East,Support Contract,Carol Lee,Closed Won,2356.56,0,Small
D0309,2022-08-30,2022,August,Q3,West,Enterprise Suite,Carol Lee,Closed Won,15205.31,0,Large
D0310,2022-02-03,2022,February,Q1,East,Starter Pack,Grace Chen,In Pipeline,0,973.38,Small
D0311,2022-03-20,2022,March,Q1,West,Starter Pack,Frank Patel,Closed Lost,0,0,Small
D0312,2022-11-18,2022,November,Q4,Central,Pro Plan,Frank Patel,Closed Lost,0,0,Medium
D0313,2022-07-10,2022,July,Q3,East,Pro Plan,Bob Martinez,Closed Won,4947.42,0,Medium
D0314,2022-09-24,2022,September,Q3,West,Support Contract,Bob Martinez,Closed Won,2200.36,0,Small
D0315,2022-07-24,2022,July,Q3,South,Support Contract,Emma Davis,Closed Lost,0,0,Small
D0316,2022-06-26,2022,June,Q2,North,Pro Plan,Bob Martinez,Closed Lost,0,0,Medium
D0317,2023-12-28,2023,December,Q4,West,Enterprise Suite,Frank Patel,Closed Won,10067.56,0,Large
D0318,2023-12-30,2023,December,Q4,Central,Starter Pack,Emma Davis,Closed Won,1103.16,0,Small
D0319,2022-07-25,2022,July,Q3,South,Starter Pack,David Kim,Closed Won,1147.72,0,Small
D0320,2023-07-22,2023,July,Q3,South,Add-On Bundle,Alice Johnson,Closed Won,2515.41,0,Medium
D0321,2022-03-30,2022,March,Q1,West,Support Contract,Carol Lee,In Pipeline,0,1655.5,Small
D0322,2023-08-12,2023,August,Q3,West,Add-On Bundle,Grace Chen,Closed Lost,0,0,Medium
D0323,2023-04-06,2023,April,Q2,North,Pro Plan,Frank Patel,Closed Won,4857.75,0,Medium
D0324,2023-10-18,2023,October,Q4,Central,Starter Pack,Carol Lee,In Pipeline,0,968.7,Small
D0325,2023-06-15,2023,June,Q2,South,Add-On Bundle,Alice Johnson,Closed Won,1961.98,0,Medium
D0326,2022-12-21,2022,December,Q4,South,Pro Plan,Frank Patel,Closed Won,6158.2,0,Medium
D0327,2022-07-21,2022,July,Q3,Central,Starter Pack,Bob Martinez,Closed Won,1062.93,0,Small
D0328,2023-09-22,2023,September,Q3,Central,Starter Pack,Carol Lee,Closed Won,1008.08,0,Small
D0329,2023-11-06,2023,November,Q4,Central,Pro Plan,Carol Lee,Closed Won,5286.09,0,Medium
D0330,2022-03-25,2022,March,Q1,Central,Starter Pack,Alice Johnson,Closed Won,744.55,0,Small
D0331,2023-03-03,2023,March,Q1,Central,Starter Pack,David Kim,In Pipeline,0,976.89,Small
D0332,2023-05-10,2023,May,Q2,North,Add-On Bundle,Emma Davis,Closed Won,2083.24,0,Medium
D0333,2023-12-07,2023,December,Q4,West,Starter Pack,Henry Brooks,Closed Won,752.35,0,Small
D0334,2022-07-28,2022,July,Q3,West,Add-On Bundle,Henry Brooks,Closed Lost,0,0,Medium
D0335,2022-11-23,2022,November,Q4,East,Support Contract,Carol Lee,Closed Won,2232.94,0,Small
D0336,2023-06-12,2023,June,Q2,East,Add-On Bundle,Carol Lee,Closed Won,2501.38,0,Medium
D0337,2022-10-01,2022,October,Q4,East,Pro Plan,Henry Brooks,Closed Won,4813.91,0,Medium
D0338,2023-01-29,2023,January,Q1,South,Enterprise Suite,Alice Johnson,Closed Won,15821.98,0,Large
D0339,2023-08-15,2023,August,Q3,West,Pro Plan,Carol Lee,Closed Won,5547.05,0,Medium
D0340,2023-04-24,2023,April,Q2,South,Pro Plan,Henry Brooks,In Pipeline,0,4723.33,Medium
D0341,2023-02-07,2023,February,Q1,East,Add-On Bundle,Alice Johnson,Closed Won,2427.19,0,Medium
D0342,2022-02-21,2022,February,Q1,South,Pro Plan,Frank Patel,Closed Won,4359.66,0,Medium
D0343,2022-01-09,2022,January,Q1,Central,Add-On Bundle,Emma Davis,In Pipeline,0,2539.13,Medium
D0344,2023-02-17,2023,February,Q1,West,Pro Plan,Emma Davis,Closed Won,4588.03,0,Medium
D0345,2023-07-21,2023,July,Q3,West,Enterprise Suite,David Kim,Closed Won,11677.93,0,Large
D0346,2022-10-14,2022,October,Q4,West,Support Contract,Henry Brooks,In Pipeline,0,2065.67,Small
D0347,2022-04-10,2022,April,Q2,Central,Support Contract,Bob Martinez,Closed Won,1865.42,0,Small
D0348,2022-07-23,2022,July,Q3,East,Support Contract,Frank Patel,Closed Won,2090.66,0,Small
D0349,2022-02-09,2022,February,Q1,West,Support Contract,Alice Johnson,Closed Won,1588.0,0,Small
D0350,2023-09-13,2023,September,Q3,East,Add-On Bundle,Henry Brooks,Closed Won,2938.93,0,Medium
D0351,2023-02-07,2023,February,Q1,South,Starter Pack,Frank Patel,Closed Won,1254.93,0,Small
D0352,2023-06-06,2023,June,Q2,East,Support Contract,Frank Patel,In Pipeline,0,1907.46,Small
D0353,2023-01-13,2023,January,Q1,Central,Starter Pack,Henry Brooks,Closed Won,898.87,0,Small
D0354,2023-09-04,2023,September,Q3,North,Add-On Bundle,Emma Davis,Closed Won,2386.46,0,Medium
D0355,2023-08-21,2023,August,Q3,Central,Support Contract,David Kim,Closed Won,1958.88,0,Small
D0356,2023-11-29,2023,November,Q4,Central,Support Contract,Grace Chen,Closed Won,1701.57,0,Small
D0357,2023-03-28,2023,March,Q1,Central,Enterprise Suite,David Kim,Closed Won,11858.59,0,Large
D0358,2023-05-29,2023,May,Q2,South,Add-On Bundle,David Kim,Closed Lost,0,0,Medium
D0359,2023-06-16,2023,June,Q2,Central,Add-On Bundle,Alice Johnson,Closed Won,2033.69,0,Medium
D0360,2022-06-27,2022,June,Q2,East,Add-On Bundle,Grace Chen,Closed Won,2366.76,0,Medium
D0361,2023-09-17,2023,September,Q3,Central,Starter Pack,Frank Patel,Closed Won,981.46,0,Small
D0362,2022-11-01,2022,November,Q4,South,Starter Pack,Emma Davis,Closed Won,1136.43,0,Small
D0363,2022-12-24,2022,December,Q4,South,Add-On Bundle,Frank Patel,Closed Lost,0,0,Medium
D0364,2023-08-11,2023,August,Q3,Central,Starter Pack,Emma Davis,Closed Won,1085.38,0,Small
D0365,2022-10-25,2022,October,Q4,West,Add-On Bundle,Frank Patel,Closed Won,1815.53,0,Medium
D0366,2023-05-06,2023,May,Q2,North,Starter Pack,Henry Brooks,Closed Won,835.55,0,Small
D0367,2022-04-22,2022,April,Q2,Central,Starter Pack,Emma Davis,Closed Won,1052.47,0,Small
D0368,2023-11-17,2023,November,Q4,Central,Pro Plan,David Kim,Closed Won,6044.0,0,Medium
D0369,2023-02-28,2023,February,Q1,South,Pro Plan,Alice Johnson,Closed Won,4491.79,0,Medium
D0370,2023-07-18,2023,July,Q3,West,Enterprise Suite,Carol Lee,Closed Won,16640.96,0,Large
D0371,2023-10-29,2023,October,Q4,South,Add-On Bundle,Henry Brooks,Closed Lost,0,0,Medium
D0372,2023-10-24,2023,October,Q4,South,Starter Pack,Frank Patel,Closed Won,751.95,0,Small
D0373,2022-02-08,2022,February,Q1,North,Support Contract,David Kim,In Pipeline,0,2113.14,Small
D0374,2023-02-11,2023,February,Q1,South,Add-On Bundle,Carol Lee,Closed Won,2800.11,0,Medium
D0375,2022-11-02,2022,November,Q4,South,Starter Pack,Alice Johnson,Closed Won,1026.7,0,Small
D0376,2023-10-19,2023,October,Q4,North,Starter Pack,Emma Davis,Closed Lost,0,0,Small
D0377,2023-06-01,2023,June,Q2,Central,Support Contract,Henry Brooks,Closed Won,1945.46,0,Small
D0378,2023-04-15,2023,April,Q2,South,Enterprise Suite,Frank Patel,Closed Won,14267.65,0,Large
D0379,2023-08-05,2023,August,Q3,South,Enterprise Suite,Frank Patel,Closed Won,14455.69,0,Large
D0380,2023-06-12,2023,June,Q2,South,Pro Plan,Grace Chen,Closed Lost,0,0,Medium
D0381,2022-07-09,2022,July,Q3,East,Enterprise Suite,Grace Chen,Closed Won,16668.13,0,Large
D0382,2022-09-25,2022,September,Q3,West,Starter Pack,David Kim,Closed Won,927.13,0,Small
D0383,2023-08-20,2023,August,Q3,West,Starter Pack,Frank Patel,Closed Won,1110.36,0,Small
D0384,2022-03-05,2022,March,Q1,North,Starter Pack,Frank Patel,Closed Won,1080.6,0,Small
D0385,2023-12-04,2023,December,Q4,West,Starter Pack,Carol Lee,Closed Lost,0,0,Small
D0386,2023-01-12,2023,January,Q1,Central,Starter Pack,Bob Martinez,Closed Won,1051.9,0,Small
D0387,2023-04-11,2023,April,Q2,South,Pro Plan,Henry Brooks,Closed Won,5618.88,0,Medium
D0388,2023-04-28,2023,April,Q2,Central,Starter Pack,Grace Chen,In Pipeline,0,1014.48,Small
D0389,2023-04-03,2023,April,Q2,South,Pro Plan,Bob Martinez,In Pipeline,0,4763.03,Medium
D0390,2023-07-15,2023,July,Q3,East,Enterprise Suite,Bob Martinez,Closed Won,16100.79,0,Large
D0391,2022-12-02,2022,December,Q4,South,Support Contract,Carol Lee,Closed Won,2362.84,0,Small
D0392,2023-05-16,2023,May,Q2,West,Enterprise Suite,David Kim,In Pipeline,0,11127.39,Large
D0393,2022-05-16,2022,May,Q2,Central,Add-On Bundle,Alice Johnson,Closed Lost,0,0,Medium
D0394,2022-03-01,2022,March,Q1,Central,Add-On Bundle,Henry Brooks,In Pipeline,0,2348.81,Medium
D0395,2022-01-04,2022,January,Q1,East,Enterprise Suite,Grace Chen,Closed Won,14969.79,0,Large
D0396,2022-12-19,2022,December,Q4,Central,Enterprise Suite,Alice Johnson,Closed Lost,0,0,Large
D0397,2023-04-29,2023,April,Q2,North,Support Contract,Alice Johnson,Closed Won,1474.27,0,Small
D0398,2023-01-19,2023,January,Q1,West,Pro Plan,Carol Lee,Closed Lost,0,0,Medium
D0399,2022-03-24,2022,March,Q1,West,Add-On Bundle,Grace Chen,Closed Lost,0,0,Medium
D0400,2022-07-02,2022,July,Q3,Central,Pro Plan,Frank Patel,Closed Won,6280.69,0,Medium
D0401,2022-01-04,2022,January,Q1,West,Support Contract,Carol Lee,Closed Won,2256.67,0,Small
D0402,2023-01-24,2023,January,Q1,East,Add-On Bundle,Grace Chen,In Pipeline,0,2523.42,Medium
D0403,2022-10-10,2022,October,Q4,South,Add-On Bundle,Frank Patel,Closed Won,2008.79,0,Medium
D0404,2022-01-17,2022,January,Q1,North,Enterprise Suite,Grace Chen,In Pipeline,0,11666.4,Large
D0405,2023-09-05,2023,September,Q3,North,Enterprise Suite,Alice Johnson,Closed Lost,0,0,Large
D0406,2023-03-26,2023,March,Q1,North,Pro Plan,Alice Johnson,Closed Lost,0,0,Medium
D0407,2022-05-24,2022,May,Q2,South,Support Contract,David Kim,Closed Won,1984.21,0,Small
D0408,2023-09-05,2023,September,Q3,East,Pro Plan,Frank Patel,In Pipeline,0,5092.93,Medium
D0409,2023-11-08,2023,November,Q4,East,Pro Plan,Emma Davis,Closed Won,5007.38,0,Medium
D0410,2023-07-25,2023,July,Q3,West,Starter Pack,Emma Davis,Closed Won,1232.2,0,Small
D0411,2022-12-19,2022,December,Q4,South,Add-On Bundle,Henry Brooks,Closed Won,3002.89,0,Medium
D0412,2023-02-23,2023,February,Q1,West,Support Contract,Frank Patel,Closed Lost,0,0,Small
D0413,2023-07-05,2023,July,Q3,South,Starter Pack,Grace Chen,Closed Won,975.7,0,Small
D0414,2022-03-01,2022,March,Q1,South,Starter Pack,Carol Lee,Closed Lost,0,0,Small
D0415,2023-06-27,2023,June,Q2,Central,Add-On Bundle,Grace Chen,In Pipeline,0,2068.5,Medium
D0416,2023-10-25,2023,October,Q4,South,Starter Pack,David Kim,Closed Won,762.7,0,Small
D0417,2022-07-15,2022,July,Q3,West,Starter Pack,Bob Martinez,In Pipeline,0,823.91,Small
D0418,2022-07-12,2022,July,Q3,West,Support Contract,Alice Johnson,Closed Won,2309.02,0,Small
D0419,2022-08-02,2022,August,Q3,Central,Support Contract,David Kim,Closed Lost,0,0,Small
D0420,2022-07-14,2022,July,Q3,East,Starter Pack,Alice Johnson,Closed Won,1239.52,0,Small
D0421,2023-12-22,2023,December,Q4,North,Add-On Bundle,David Kim,In Pipeline,0,2114.98,Medium
D0422,2023-01-25,2023,January,Q1,South,Support Contract,Frank Patel,Closed Won,1943.55,0,Small
D0423,2023-06-10,2023,June,Q2,East,Starter Pack,Emma Davis,Closed Won,1196.72,0,Small
D0424,2022-07-28,2022,July,Q3,West,Enterprise Suite,Henry Brooks,Closed Won,12269.08,0,Large
D0425,2022-01-17,2022,January,Q1,West,Enterprise Suite,David Kim,Closed Won,11477.57,0,Large
D0426,2022-06-06,2022,June,Q2,Central,Support Contract,Grace Chen,Closed Won,1651.89,0,Small
D0427,2023-07-18,2023,July,Q3,South,Add-On Bundle,David Kim,Closed Lost,0,0,Medium
D0428,2023-04-17,2023,April,Q2,East,Starter Pack,Henry Brooks,Closed Lost,0,0,Small
D0429,2023-07-14,2023,July,Q3,South,Starter Pack,Carol Lee,Closed Won,983.69,0,Small
D0430,2023-11-16,2023,November,Q4,Central,Enterprise Suite,Alice Johnson,Closed Won,9949.3,0,Large
D0431,2022-03-11,2022,March,Q1,North,Add-On Bundle,Carol Lee,Closed Won,2693.46,0,Medium
D0432,2022-03-03,2022,March,Q1,North,Pro Plan,Henry Brooks,Closed Won,5268.16,0,Medium
D0433,2022-01-07,2022,January,Q1,Central,Add-On Bundle,Henry Brooks,Closed Won,2462.52,0,Medium
D0434,2022-10-09,2022,October,Q4,West,Enterprise Suite,Alice Johnson,In Pipeline,0,12728.66,Large
D0435,2022-04-20,2022,April,Q2,East,Enterprise Suite,Grace Chen,Closed Won,16209.95,0,Large
D0436,2023-09-27,2023,September,Q3,Central,Pro Plan,David Kim,Closed Won,5021.43,0,Medium
D0437,2023-01-18,2023,January,Q1,East,Starter Pack,Grace Chen,Closed Won,1238.02,0,Small
D0438,2022-11-04,2022,November,Q4,West,Support Contract,David Kim,Closed Won,2178.76,0,Small
D0439,2023-01-24,2023,January,Q1,North,Enterprise Suite,Bob Martinez,Closed Lost,0,0,Large
D0440,2023-10-15,2023,October,Q4,West,Support Contract,Henry Brooks,Closed Won,1450.21,0,Small
D0441,2023-10-23,2023,October,Q4,South,Enterprise Suite,Henry Brooks,Closed Lost,0,0,Large
D0442,2022-02-13,2022,February,Q1,East,Support Contract,Bob Martinez,In Pipeline,0,1744.07,Small
D0443,2022-03-18,2022,March,Q1,Central,Add-On Bundle,Emma Davis,Closed Won,2663.45,0,Medium
D0444,2022-11-19,2022,November,Q4,East,Support Contract,Alice Johnson,Closed Won,1456.91,0,Small
D0445,2022-03-20,2022,March,Q1,South,Support Contract,Carol Lee,Closed Lost,0,0,Small
D0446,2023-02-03,2023,February,Q1,East,Pro Plan,David Kim,In Pipeline,0,4964.0,Medium
D0447,2023-12-07,2023,December,Q4,Central,Starter Pack,Grace Chen,Closed Won,1111.05,0,Small
D0448,2023-03-24,2023,March,Q1,Central,Starter Pack,Alice Johnson,Closed Won,845.36,0,Small
D0449,2022-01-31,2022,January,Q1,North,Starter Pack,Grace Chen,Closed Won,1062.43,0,Small
D0450,2023-07-21,2023,July,Q3,West,Add-On Bundle,David Kim,Closed Won,3002.31,0,Medium
D0451,2023-09-26,2023,September,Q3,West,Pro Plan,Grace Chen,Closed Won,4397.52,0,Medium
D0452,2022-06-07,2022,June,Q2,South,Enterprise Suite,Bob Martinez,Closed Won,12336.0,0,Large
D0453,2022-04-20,2022,April,Q2,South,Add-On Bundle,Frank Patel,Closed Won,1880.81,0,Medium
D0454,2022-04-15,2022,April,Q2,East,Add-On Bundle,Frank Patel,Closed Won,1934.91,0,Medium
D0455,2023-07-23,2023,July,Q3,South,Add-On Bundle,Henry Brooks,In Pipeline,0,2318.21,Medium
D0456,2023-07-22,2023,July,Q3,North,Enterprise Suite,Bob Martinez,Closed Won,10270.06,0,Large
D0457,2022-10-26,2022,October,Q4,Central,Starter Pack,Grace Chen,Closed Won,943.46,0,Small
D0458,2023-06-18,2023,June,Q2,North,Support Contract,David Kim,In Pipeline,0,1711.57,Small
D0459,2022-11-05,2022,November,Q4,West,Pro Plan,Carol Lee,Closed Won,4324.7,0,Medium
D0460,2022-10-10,2022,October,Q4,South,Enterprise Suite,Carol Lee,Closed Lost,0,0,Large
D0461,2023-01-05,2023,January,Q1,West,Starter Pack,Henry Brooks,Closed Won,855.92,0,Small
D0462,2022-04-20,2022,April,Q2,South,Add-On Bundle,David Kim,Closed Lost,0,0,Medium
D0463,2022-12-07,2022,December,Q4,South,Starter Pack,Alice Johnson,Closed Lost,0,0,Small
D0464,2022-12-09,2022,December,Q4,Central,Add-On Bundle,Frank Patel,Closed Lost,0,0,Medium
D0465,2022-11-25,2022,November,Q4,West,Support Contract,Carol Lee,Closed Won,2091.47,0,Small
D0466,2023-02-12,2023,February,Q1,South,Add-On Bundle,Frank Patel,Closed Won,3038.72,0,Medium
D0467,2023-01-21,2023,January,Q1,East,Add-On Bundle,David Kim,Closed Won,2130.0,0,Medium
D0468,2022-07-24,2022,July,Q3,West,Starter Pack,Bob Martinez,In Pipeline,0,969.9,Small
D0469,2023-12-27,2023,December,Q4,Central,Pro Plan,Alice Johnson,Closed Lost,0,0,Medium
D0470,2023-02-23,2023,February,Q1,South,Add-On Bundle,Emma Davis,Closed Won,2648.33,0,Medium
D0471,2023-11-06,2023,November,Q4,South,Starter Pack,David Kim,Closed Won,803.24,0,Small
D0472,2023-09-05,2023,September,Q3,West,Add-On Bundle,Bob Martinez,Closed Lost,0,0,Medium
D0473,2023-06-03,2023,June,Q2,West,Support Contract,Grace Chen,In Pipeline,0,2118.69,Small
D0474,2023-12-20,2023,December,Q4,West,Support Contract,Alice Johnson,Closed Won,2407.14,0,Small
D0475,2022-09-12,2022,September,Q3,Central,Support Contract,Bob Martinez,Closed Won,2150.21,0,Small
D0476,2023-10-23,2023,October,Q4,East,Pro Plan,Alice Johnson,In Pipeline,0,4964.59,Medium
D0477,2022-01-11,2022,January,Q1,West,Starter Pack,Grace Chen,Closed Won,773.25,0,Small
D0478,2023-01-19,2023,January,Q1,South,Support Contract,David Kim,Closed Lost,0,0,Small
D0479,2022-01-26,2022,January,Q1,West,Add-On Bundle,Carol Lee,Closed Won,2397.26,0,Medium
D0480,2022-05-26,2022,May,Q2,East,Add-On Bundle,Bob Martinez,Closed Won,2219.79,0,Medium
D0481,2023-05-10,2023,May,Q2,East,Add-On Bundle,David Kim,In Pipeline,0,2209.88,Medium
D0482,2022-03-10,2022,March,Q1,North,Add-On Bundle,Henry Brooks,Closed Won,2156.35,0,Medium
D0483,2023-11-25,2023,November,Q4,North,Enterprise Suite,Frank Patel,Closed Won,15360.36,0,Large
D0484,2022-06-13,2022,June,Q2,South,Support Contract,Carol Lee,In Pipeline,0,1798.73,Small
D0485,2023-10-07,2023,October,Q4,West,Add-On Bundle,David Kim,Closed Lost,0,0,Medium
D0486,2022-01-30,2022,January,Q1,South,Pro Plan,Grace Chen,Closed Lost,0,0,Medium
D0487,2023-03-16,2023,March,Q1,Central,Pro Plan,Henry Brooks,In Pipeline,0,4574.93,Medium
D0488,2023-08-15,2023,August,Q3,South,Pro Plan,Emma Davis,Closed Won,3874.73,0,Medium
D0489,2022-07-21,2022,July,Q3,Central,Pro Plan,Frank Patel,Closed Won,4835.39,0,Medium
D0490,2023-02-02,2023,February,Q1,East,Add-On Bundle,Frank Patel,In Pipeline,0,2383.46,Medium
D0491,2023-04-14,2023,April,Q2,Central,Enterprise Suite,Frank Patel,Closed Won,14045.01,0,Large
D0492,2022-11-17,2022,November,Q4,East,Support Contract,Bob Martinez,Closed Won,1567.29,0,Small
D0493,2023-12-12,2023,December,Q4,East,Enterprise Suite,Carol Lee,Closed Won,10617.78,0,Large
D0494,2023-01-28,2023,January,Q1,West,Add-On Bundle,Carol Lee,In Pipeline,0,2259.21,Medium
D0495,2022-06-20,2022,June,Q2,West,Support Contract,Carol Lee,In Pipeline,0,1884.41,Small
D0496,2023-09-27,2023,September,Q3,South,Pro Plan,Frank Patel,Closed Lost,0,0,Medium
D0497,2022-05-20,2022,May,Q2,North,Starter Pack,Alice Johnson,Closed Lost,0,0,Small
D0498,2023-12-03,2023,December,Q4,South,Add-On Bundle,Henry Brooks,Closed Lost,0,0,Medium
D0499,2022-06-21,2022,June,Q2,West,Add-On Bundle,Henry Brooks,Closed Lost,0,0,Medium
D0500,2022-10-27,2022,October,Q4,North,Support Contract,Alice Johnson,Closed Won,1475.31,0,Small
D0501,2023-04-14,2023,April,Q2,South,Support Contract,Emma Davis,Closed Won,2050.9,0,Small
D0502,2022-04-27,2022,April,Q2,West,Support Contract,Bob Martinez,In Pipeline,0,1764.66,Small
D0503,2023-07-14,2023,July,Q3,Central,Starter Pack,Alice Johnson,Closed Lost,0,0,Small
D0504,2022-11-01,2022,November,Q4,South,Add-On Bundle,Bob Martinez,Closed Won,2914.75,0,Medium
D0505,2022-03-31,2022,March,Q1,North,Add-On Bundle,Emma Davis,Closed Won,2339.57,0,Medium
D0506,2023-12-07,2023,December,Q4,North,Pro Plan,David Kim,In Pipeline,0,4523.35,Medium
D0507,2022-05-23,2022,May,Q2,Central,Add-On Bundle,Carol Lee,In Pipeline,0,2498.0,Medium
D0508,2022-10-15,2022,October,Q4,South,Enterprise Suite,Frank Patel,In Pipeline,0,12948.69,Large
D0509,2023-08-10,2023,August,Q3,South,Starter Pack,Emma Davis,Closed Won,864.37,0,Small
D0510,2022-03-02,2022,March,Q1,Central,Enterprise Suite,Carol Lee,Closed Lost,0,0,Large
D0511,2022-05-30,2022,May,Q2,East,Pro Plan,Carol Lee,Closed Won,5520.77,0,Medium
D0512,2023-08-15,2023,August,Q3,South,Add-On Bundle,Henry Brooks,Closed Won,2594.77,0,Medium
D0513,2023-10-11,2023,October,Q4,West,Add-On Bundle,Henry Brooks,Closed Won,2808.87,0,Medium
D0514,2023-04-11,2023,April,Q2,North,Add-On Bundle,Emma Davis,Closed Won,3014.34,0,Medium
D0515,2023-04-15,2023,April,Q2,East,Support Contract,Alice Johnson,Closed Won,2125.63,0,Small
D0516,2023-03-16,2023,March,Q1,East,Enterprise Suite,Grace Chen,Closed Won,15538.9,0,Large
D0517,2022-12-12,2022,December,Q4,West,Starter Pack,Frank Patel,Closed Won,1015.55,0,Small
D0518,2023-11-30,2023,November,Q4,South,Support Contract,Henry Brooks,Closed Won,2263.23,0,Small
D0519,2022-05-08,2022,May,Q2,North,Enterprise Suite,Henry Brooks,Closed Won,16291.92,0,Large
D0520,2023-03-15,2023,March,Q1,South,Add-On Bundle,Henry Brooks,Closed Won,2027.06,0,Medium
D0521,2022-04-06,2022,April,Q2,South,Starter Pack,Carol Lee,Closed Won,1073.48,0,Small
D0522,2022-02-23,2022,February,Q1,East,Enterprise Suite,Frank Patel,Closed Won,12453.66,0,Large
D0523,2023-12-22,2023,December,Q4,East,Pro Plan,Grace Chen,Closed Won,3857.0,0,Medium
D0524,2023-08-31,2023,August,Q3,South,Add-On Bundle,Bob Martinez,Closed Won,2058.57,0,Medium
D0525,2022-05-04,2022,May,Q2,West,Enterprise Suite,Alice Johnson,Closed Won,16714.72,0,Large
D0526,2022-08-23,2022,August,Q3,West,Pro Plan,Henry Brooks,Closed Won,4634.29,0,Medium
D0527,2022-11-03,2022,November,Q4,North,Enterprise Suite,Frank Patel,Closed Won,10587.33,0,Large
D0528,2023-07-31,2023,July,Q3,South,Pro Plan,Bob Martinez,In Pipeline,0,4061.44,Medium
D0529,2023-10-06,2023,October,Q4,South,Add-On Bundle,Frank Patel,Closed Won,2747.71,0,Medium
D0530,2022-03-30,2022,March,Q1,West,Support Contract,Henry Brooks,Closed Won,2408.32,0,Small
D0531,2023-03-16,2023,March,Q1,South,Enterprise Suite,Grace Chen,Closed Won,11864.43,0,Large
D0532,2022-09-12,2022,September,Q3,South,Pro Plan,Emma Davis,Closed Won,5094.17,0,Medium
D0533,2023-11-06,2023,November,Q4,Central,Support Contract,Emma Davis,Closed Won,2385.89,0,Small
D0534,2022-10-30,2022,October,Q4,South,Support Contract,David Kim,Closed Lost,0,0,Small
D0535,2022-04-26,2022,April,Q2,North,Pro Plan,Henry Brooks,Closed Lost,0,0,Medium
D0536,2022-01-13,2022,January,Q1,South,Add-On Bundle,Bob Martinez,In Pipeline,0,2631.34,Medium
D0537,2023-03-07,2023,March,Q1,East,Pro Plan,Grace Chen,In Pipeline,0,4543.31,Medium
D0538,2023-08-25,2023,August,Q3,South,Add-On Bundle,Bob Martinez,Closed Won,1849.14,0,Medium
D0539,2023-02-12,2023,February,Q1,East,Pro Plan,Alice Johnson,Closed Won,4967.85,0,Medium
D0540,2022-03-26,2022,March,Q1,Central,Add-On Bundle,Grace Chen,Closed Lost,0,0,Medium
D0541,2022-03-27,2022,March,Q1,Central,Support Contract,Carol Lee,Closed Won,1774.7,0,Small
D0542,2022-12-01,2022,December,Q4,Central,Pro Plan,Carol Lee,In Pipeline,0,4577.49,Medium
D0543,2022-03-01,2022,March,Q1,North,Starter Pack,Grace Chen,Closed Won,852.02,0,Small
D0544,2023-09-16,2023,September,Q3,West,Enterprise Suite,Henry Brooks,In Pipeline,0,10998.1,Large
D0545,2023-12-20,2023,December,Q4,South,Enterprise Suite,Alice Johnson,Closed Won,9681.72,0,Large
D0546,2023-01-16,2023,January,Q1,West,Starter Pack,Emma Davis,Closed Won,788.54,0,Small
D0547,2023-03-16,2023,March,Q1,East,Enterprise Suite,Alice Johnson,Closed Won,11558.26,0,Large
D0548,2023-04-12,2023,April,Q2,North,Starter Pack,Bob Martinez,Closed Lost,0,0,Small
D0549,2023-08-04,2023,August,Q3,Central,Starter Pack,Alice Johnson,Closed Lost,0,0,Small
D0550,2022-04-16,2022,April,Q2,South,Starter Pack,Carol Lee,Closed Won,1202.9,0,Small
D0551,2022-01-13,2022,January,Q1,North,Pro Plan,Alice Johnson,Closed Won,4260.29,0,Medium
D0552,2022-07-03,2022,July,Q3,West,Starter Pack,Grace Chen,Closed Won,1222.83,0,Small
D0553,2022-11-26,2022,November,Q4,North,Support Contract,Grace Chen,Closed Won,1708.12,0,Small
D0554,2023-01-17,2023,January,Q1,East,Starter Pack,Bob Martinez,In Pipeline,0,842.24,Small
D0555,2022-02-17,2022,February,Q1,North,Pro Plan,David Kim,In Pipeline,0,5338.01,Medium
D0556,2022-12-02,2022,December,Q4,North,Add-On Bundle,Emma Davis,Closed Won,1874.03,0,Medium
D0557,2022-10-26,2022,October,Q4,West,Enterprise Suite,Frank Patel,Closed Won,13659.41,0,Large
D0558,2023-01-13,2023,January,Q1,East,Support Contract,David Kim,Closed Lost,0,0,Small
D0559,2022-09-09,2022,September,Q3,Central,Add-On Bundle,David Kim,In Pipeline,0,2079.37,Medium
D0560,2022-12-21,2022,December,Q4,West,Enterprise Suite,David Kim,In Pipeline,0,13089.39,Large
D0561,2022-11-11,2022,November,Q4,North,Starter Pack,Alice Johnson,Closed Lost,0,0,Small
D0562,2023-05-19,2023,May,Q2,North,Pro Plan,David Kim,Closed Lost,0,0,Medium
D0563,2022-02-14,2022,February,Q1,North,Pro Plan,Emma Davis,Closed Won,6087.44,0,Medium
D0564,2022-03-28,2022,March,Q1,Central,Add-On Bundle,Frank Patel,Closed Lost,0,0,Medium
D0565,2022-03-18,2022,March,Q1,Central,Enterprise Suite,Carol Lee,Closed Lost,0,0,Large
D0566,2023-11-10,2023,November,Q4,Central,Support Contract,Alice Johnson,Closed Lost,0,0,Small
D0567,2022-11-19,2022,November,Q4,South,Pro Plan,Emma Davis,Closed Won,6100.31,0,Medium
D0568,2022-10-06,2022,October,Q4,West,Starter Pack,Frank Patel,Closed Lost,0,0,Small
D0569,2023-08-22,2023,August,Q3,South,Enterprise Suite,David Kim,Closed Won,10384.6,0,Large
D0570,2022-11-18,2022,November,Q4,North,Pro Plan,Henry Brooks,Closed Lost,0,0,Medium
D0571,2023-04-08,2023,April,Q2,West,Enterprise Suite,Frank Patel,Closed Won,11819.82,0,Large
D0572,2023-12-04,2023,December,Q4,East,Enterprise Suite,Bob Martinez,Closed Won,11790.35,0,Large
D0573,2022-06-01,2022,June,Q2,Central,Enterprise Suite,David Kim,Closed Won,10256.73,0,Large
D0574,2022-02-20,2022,February,Q1,South,Starter Pack,Grace Chen,In Pipeline,0,992.84,Small
D0575,2023-04-09,2023,April,Q2,East,Pro Plan,Alice Johnson,Closed Lost,0,0,Medium
D0576,2023-04-19,2023,April,Q2,Central,Support Contract,David Kim,Closed Won,1550.06,0,Small
D0577,2022-08-16,2022,August,Q3,South,Enterprise Suite,Alice Johnson,Closed Won,10541.15,0,Large
D0578,2023-08-24,2023,August,Q3,West,Starter Pack,Bob Martinez,In Pipeline,0,879.88,Small
D0579,2023-10-24,2023,October,Q4,North,Enterprise Suite,Bob Martinez,Closed Won,12792.71,0,Large
D0580,2022-02-13,2022,February,Q1,South,Enterprise Suite,Frank Patel,Closed Won,16384.42,0,Large
D0581,2023-05-24,2023,May,Q2,North,Pro Plan,Grace Chen,Closed Lost,0,0,Medium
D0582,2022-12-29,2022,December,Q4,North,Add-On Bundle,Grace Chen,Closed Won,2043.43,0,Medium
D0583,2022-06-02,2022,June,Q2,South,Starter Pack,Emma Davis,Closed Lost,0,0,Small
D0584,2023-05-26,2023,May,Q2,North,Support Contract,David Kim,Closed Won,1884.95,0,Small
D0585,2022-10-14,2022,October,Q4,Central,Add-On Bundle,Alice Johnson,Closed Won,2265.58,0,Medium
D0586,2022-01-20,2022,January,Q1,West,Pro Plan,David Kim,In Pipeline,0,5385.69,Medium
D0587,2023-08-03,2023,August,Q3,East,Add-On Bundle,Henry Brooks,Closed Won,2423.16,0,Medium
D0588,2022-11-23,2022,November,Q4,West,Starter Pack,Carol Lee,Closed Won,1042.44,0,Small
D0589,2023-06-27,2023,June,Q2,North,Starter Pack,Alice Johnson,Closed Lost,0,0,Small
D0590,2022-04-13,2022,April,Q2,East,Support Contract,David Kim,Closed Won,1707.69,0,Small
D0591,2023-08-13,2023,August,Q3,South,Starter Pack,Alice Johnson,Closed Won,1177.11,0,Small
D0592,2022-08-31,2022,August,Q3,West,Starter Pack,Carol Lee,Closed Won,1039.96,0,Small
D0593,2023-08-05,2023,August,Q3,East,Support Contract,Alice Johnson,Closed Won,2048.7,0,Small
D0594,2022-11-13,2022,November,Q4,Central,Pro Plan,Henry Brooks,In Pipeline,0,4287.0,Medium
D0595,2023-09-09,2023,September,Q3,North,Enterprise Suite,Alice Johnson,Closed Won,11175.42,0,Large
D0596,2023-09-21,2023,September,Q3,Central,Add-On Bundle,Alice Johnson,Closed Won,2025.93,0,Medium
D0597,2022-03-02,2022,March,Q1,South,Starter Pack,Carol Lee,Closed Won,731.83,0,Small
D0598,2023-01-09,2023,January,Q1,Central,Pro Plan,Bob Martinez,In Pipeline,0,5346.75,Medium
D0599,2022-11-06,2022,November,Q4,East,Add-On Bundle,Bob Martinez,Closed Won,2185.84,0,Medium
D0600,2022-06-28,2022,June,Q2,South,Add-On Bundle,Henry Brooks,Closed Won,2693.48,0,Medium
D0601,2023-11-13,2023,November,Q4,Central,Support Contract,Frank Patel,Closed Won,2076.07,0,Small
D0602,2022-05-11,2022,May,Q2,South,Add-On Bundle,Emma Davis,Closed Won,1994.57,0,Medium
D0603,2022-02-03,2022,February,Q1,North,Support Contract,Grace Chen,In Pipeline,0,1718.32,Small
D0604,2022-04-17,2022,April,Q2,East,Support Contract,David Kim,In Pipeline,0,2125.81,Small
D0605,2022-12-22,2022,December,Q4,South,Starter Pack,Bob Martinez,Closed Won,1250.49,0,Small
D0606,2022-01-12,2022,January,Q1,South,Enterprise Suite,Frank Patel,Closed Lost,0,0,Large
D0607,2022-12-25,2022,December,Q4,East,Pro Plan,David Kim,Closed Won,4292.98,0,Medium
D0608,2023-03-25,2023,March,Q1,North,Enterprise Suite,Alice Johnson,Closed Lost,0,0,Large
D0609,2023-01-23,2023,January,Q1,West,Pro Plan,Grace Chen,Closed Lost,0,0,Medium
D0610,2023-05-06,2023,May,Q2,East,Support Contract,Grace Chen,Closed Won,2291.83,0,Small
D0611,2022-03-17,2022,March,Q1,Central,Pro Plan,Carol Lee,Closed Lost,0,0,Medium
D0612,2022-09-25,2022,September,Q3,North,Starter Pack,Alice Johnson,Closed Won,1233.9,0,Small
D0613,2022-06-14,2022,June,Q2,North,Starter Pack,Carol Lee,Closed Lost,0,0,Small
D0614,2023-09-01,2023,September,Q3,North,Support Contract,Bob Martinez,Closed Won,2504.1,0,Small
D0615,2023-09-14,2023,September,Q3,West,Enterprise Suite,Grace Chen,Closed Won,16006.22,0,Large
D0616,2022-07-30,2022,July,Q3,South,Enterprise Suite,Bob Martinez,Closed Won,16615.67,0,Large
D0617,2022-11-01,2022,November,Q4,West,Support Contract,Emma Davis,Closed Won,1696.55,0,Small
D0618,2022-02-25,2022,February,Q1,North,Add-On Bundle,Henry Brooks,Closed Won,2236.29,0,Medium
D0619,2023-05-07,2023,May,Q2,West,Enterprise Suite,Emma Davis,In Pipeline,0,11518.83,Large
D0620,2022-03-25,2022,March,Q1,North,Pro Plan,Carol Lee,Closed Won,4878.64,0,Medium
D0621,2023-05-16,2023,May,Q2,North,Starter Pack,Grace Chen,Closed Lost,0,0,Small
D0622,2023-01-15,2023,January,Q1,East,Enterprise Suite,Grace Chen,Closed Won,15975.55,0,Large
D0623,2022-09-27,2022,September,Q3,East,Pro Plan,Henry Brooks,Closed Won,4787.3,0,Medium
D0624,2022-03-05,2022,March,Q1,East,Pro Plan,Emma Davis,In Pipeline,0,4254.03,Medium
D0625,2023-02-28,2023,February,Q1,North,Enterprise Suite,Frank Patel,In Pipeline,0,14294.54,Large
D0626,2023-06-20,2023,June,Q2,Central,Pro Plan,Alice Johnson,Closed Lost,0,0,Medium
D0627,2022-08-30,2022,August,Q3,West,Support Contract,Henry Brooks,In Pipeline,0,1877.18,Small
D0628,2023-08-08,2023,August,Q3,North,Add-On Bundle,Alice Johnson,In Pipeline,0,2574.3,Medium
D0629,2023-04-05,2023,April,Q2,Central,Support Contract,Carol Lee,Closed Won,1626.71,0,Small
D0630,2022-02-13,2022,February,Q1,South,Pro Plan,David Kim,Closed Won,4743.11,0,Medium
D0631,2022-09-22,2022,September,Q3,West,Pro Plan,Carol Lee,In Pipeline,0,4481.66,Medium
D0632,2023-02-11,2023,February,Q1,North,Enterprise Suite,Grace Chen,In Pipeline,0,12787.4,Large
D0633,2023-12-19,2023,December,Q4,East,Support Contract,Henry Brooks,Closed Won,2112.9,0,Small
D0634,2022-06-03,2022,June,Q2,Central,Add-On Bundle,Bob Martinez,Closed Lost,0,0,Medium
D0635,2023-07-31,2023,July,Q3,South,Support Contract,Bob Martinez,Closed Won,2281.91,0,Small
D0636,2022-09-28,2022,September,Q3,East,Support Contract,Frank Patel,Closed Lost,0,0,Small
D0637,2022-06-26,2022,June,Q2,West,Add-On Bundle,Henry Brooks,Closed Won,2123.55,0,Medium
D0638,2023-02-10,2023,February,Q1,South,Support Contract,Grace Chen,Closed Won,2400.74,0,Small
D0639,2022-10-03,2022,October,Q4,East,Pro Plan,Alice Johnson,Closed Lost,0,0,Medium
D0640,2022-11-15,2022,November,Q4,East,Enterprise Suite,Frank Patel,Closed Won,11618.5,0,Large
D0641,2022-11-04,2022,November,Q4,West,Enterprise Suite,David Kim,Closed Won,16614.38,0,Large
D0642,2023-09-12,2023,September,Q3,West,Starter Pack,Emma Davis,Closed Lost,0,0,Small
D0643,2023-02-21,2023,February,Q1,North,Pro Plan,Henry Brooks,Closed Won,5600.55,0,Medium
D0644,2022-06-12,2022,June,Q2,Central,Starter Pack,Alice Johnson,In Pipeline,0,827.72,Small
D0645,2023-08-06,2023,August,Q3,Central,Add-On Bundle,Carol Lee,In Pipeline,0,1999.11,Medium
D0646,2022-02-03,2022,February,Q1,South,Pro Plan,Alice Johnson,Closed Won,4832.41,0,Medium
D0647,2023-04-21,2023,April,Q2,East,Pro Plan,Emma Davis,Closed Won,4963.84,0,Medium
D0648,2023-05-16,2023,May,Q2,North,Enterprise Suite,David Kim,Closed Won,13877.11,0,Large
D0649,2022-06-17,2022,June,Q2,South,Add-On Bundle,Frank Patel,Closed Won,2865.7,0,Medium
D0650,2023-01-31,2023,January,Q1,East,Enterprise Suite,Emma Davis,Closed Won,9957.49,0,Large
D0651,2023-11-25,2023,November,Q4,Central,Pro Plan,David Kim,Closed Won,4158.17,0,Medium
D0652,2023-05-01,2023,May,Q2,West,Support Contract,Alice Johnson,Closed Won,2424.44,0,Small
D0653,2022-09-16,2022,September,Q3,South,Support Contract,Alice Johnson,Closed Won,2097.01,0,Small
D0654,2022-12-24,2022,December,Q4,East,Starter Pack,Grace Chen,Closed Lost,0,0,Small
D0655,2022-11-06,2022,November,Q4,West,Starter Pack,David Kim,Closed Lost,0,0,Small
D0656,2022-04-15,2022,April,Q2,Central,Support Contract,Grace Chen,In Pipeline,0,1623.97,Small
D0657,2023-12-02,2023,December,Q4,East,Support Contract,Emma Davis,Closed Won,1556.75,0,Small
D0658,2022-10-11,2022,October,Q4,North,Starter Pack,Emma Davis,Closed Won,861.02,0,Small
D0659,2022-09-04,2022,September,Q3,East,Pro Plan,Carol Lee,In Pipeline,0,5264.58,Medium
D0660,2022-01-27,2022,January,Q1,Central,Add-On Bundle,Frank Patel,Closed Won,2625.13,0,Medium
D0661,2023-02-02,2023,February,Q1,East,Starter Pack,Grace Chen,Closed Lost,0,0,Small
D0662,2022-08-16,2022,August,Q3,North,Support Contract,David Kim,Closed Won,2181.22,0,Small
D0663,2023-11-05,2023,November,Q4,West,Starter Pack,Emma Davis,Closed Won,1193.31,0,Small
D0664,2022-05-12,2022,May,Q2,South,Starter Pack,Bob Martinez,Closed Lost,0,0,Small
D0665,2023-11-02,2023,November,Q4,East,Support Contract,Carol Lee,Closed Won,1536.44,0,Small
D0666,2022-12-06,2022,December,Q4,East,Pro Plan,Emma Davis,Closed Lost,0,0,Medium
D0667,2022-05-01,2022,May,Q2,East,Starter Pack,Emma Davis,Closed Lost,0,0,Small
D0668,2022-07-19,2022,July,Q3,West,Enterprise Suite,Bob Martinez,Closed Lost,0,0,Large
D0669,2022-11-02,2022,November,Q4,Central,Enterprise Suite,Grace Chen,In Pipeline,0,12287.19,Large
D0670,2023-02-24,2023,February,Q1,South,Pro Plan,David Kim,Closed Won,6265.42,0,Medium
D0671,2022-03-24,2022,March,Q1,West,Pro Plan,Frank Patel,Closed Won,4916.47,0,Medium
D0672,2023-04-08,2023,April,Q2,South,Starter Pack,Alice Johnson,Closed Won,867.71,0,Small
D0673,2022-04-01,2022,April,Q2,South,Support Contract,Carol Lee,Closed Lost,0,0,Small
D0674,2023-02-18,2023,February,Q1,South,Support Contract,Grace Chen,Closed Lost,0,0,Small
D0675,2022-02-08,2022,February,Q1,West,Add-On Bundle,Grace Chen,Closed Won,2464.59,0,Medium
D0676,2022-07-15,2022,July,Q3,East,Enterprise Suite,Frank Patel,In Pipeline,0,10864.5,Large
D0677,2022-11-16,2022,November,Q4,North,Pro Plan,David Kim,Closed Won,3948.11,0,Medium
D0678,2022-03-08,2022,March,Q1,West,Support Contract,Emma Davis,Closed Won,2329.75,0,Small
D0679,2023-09-03,2023,September,Q3,East,Starter Pack,Henry Brooks,In Pipeline,0,951.51,Small
D0680,2023-01-03,2023,January,Q1,West,Pro Plan,Frank Patel,Closed Lost,0,0,Medium
D0681,2022-08-22,2022,August,Q3,South,Pro Plan,Grace Chen,Closed Won,4205.67,0,Medium
D0682,2023-06-01,2023,June,Q2,South,Pro Plan,Alice Johnson,In Pipeline,0,4278.13,Medium
D0683,2023-07-02,2023,July,Q3,East,Enterprise Suite,Grace Chen,Closed Won,14086.57,0,Large
D0684,2022-02-19,2022,February,Q1,Central,Enterprise Suite,Bob Martinez,Closed Won,14566.2,0,Large
D0685,2023-07-15,2023,July,Q3,West,Add-On Bundle,Grace Chen,Closed Won,2093.61,0,Medium
D0686,2023-03-07,2023,March,Q1,South,Pro Plan,Alice Johnson,Closed Won,5386.49,0,Medium
D0687,2022-04-18,2022,April,Q2,Central,Starter Pack,Carol Lee,Closed Lost,0,0,Small
D0688,2022-04-27,2022,April,Q2,Central,Support Contract,Bob Martinez,Closed Won,2287.54,0,Small
D0689,2023-06-20,2023,June,Q2,West,Pro Plan,David Kim,Closed Won,6227.42,0,Medium
D0690,2022-02-10,2022,February,Q1,East,Add-On Bundle,Emma Davis,Closed Won,2483.54,0,Medium
D0691,2022-01-03,2022,January,Q1,South,Add-On Bundle,Frank Patel,Closed Won,1776.83,0,Medium
D0692,2022-04-03,2022,April,Q2,North,Enterprise Suite,Henry Brooks,Closed Won,15212.59,0,Large
D0693,2023-04-13,2023,April,Q2,North,Enterprise Suite,Emma Davis,Closed Won,16718.39,0,Large
D0694,2022-04-13,2022,April,Q2,East,Starter Pack,Henry Brooks,Closed Won,1159.12,0,Small
D0695,2023-03-13,2023,March,Q1,North,Starter Pack,Frank Patel,Closed Won,1118.81,0,Small
D0696,2023-11-11,2023,November,Q4,North,Enterprise Suite,Alice Johnson,Closed Won,14259.83,0,Large
D0697,2022-10-02,2022,October,Q4,East,Starter Pack,Henry Brooks,In Pipeline,0,1047.19,Small
D0698,2022-04-27,2022,April,Q2,North,Starter Pack,Frank Patel,Closed Won,936.42,0,Small
D0699,2023-03-08,2023,March,Q1,West,Starter Pack,Grace Chen,Closed Lost,0,0,Small
D0700,2022-06-13,2022,June,Q2,South,Enterprise Suite,Carol Lee,Closed Won,10346.73,0,Large
D0701,2023-09-18,2023,September,Q3,Central,Add-On Bundle,Henry Brooks,Closed Won,2261.27,0,Medium
D0702,2023-05-10,2023,May,Q2,East,Support Contract,Alice Johnson,Closed Won,2434.03,0,Small
D0703,2022-03-06,2022,March,Q1,North,Add-On Bundle,Henry Brooks,Closed Won,2105.33,0,Medium
D0704,2023-06-16,2023,June,Q2,East,Enterprise Suite,David Kim,Closed Won,13366.34,0,Large
D0705,2023-05-09,2023,May,Q2,Central,Enterprise Suite,Grace Chen,Closed Won,12089.4,0,Large
D0706,2023-10-21,2023,October,Q4,West,Pro Plan,Alice Johnson,Closed Won,6122.8,0,Medium
D0707,2022-03-18,2022,March,Q1,Central,Add-On Bundle,Henry Brooks,Closed Won,2751.89,0,Medium
D0708,2022-02-21,2022,February,Q1,East,Pro Plan,Frank Patel,Closed Won,4968.71,0,Medium
D0709,2022-03-22,2022,March,Q1,Central,Add-On Bundle,Grace Chen,Closed Won,2366.0,0,Medium
D0710,2023-04-03,2023,April,Q2,Central,Add-On Bundle,Bob Martinez,Closed Lost,0,0,Medium
D0711,2022-04-16,2022,April,Q2,East,Enterprise Suite,Henry Brooks,Closed Won,12504.77,0,Large
D0712,2023-09-11,2023,September,Q3,North,Support Contract,Alice Johnson,Closed Won,2480.22,0,Small
D0713,2022-12-16,2022,December,Q4,East,Support Contract,David Kim,Closed Lost,0,0,Small
D0714,2022-12-06,2022,December,Q4,East,Enterprise Suite,David Kim,Closed Lost,0,0,Large
D0715,2023-04-09,2023,April,Q2,Central,Support Contract,Henry Brooks,Closed Won,1563.15,0,Small
D0716,2023-10-11,2023,October,Q4,South,Enterprise Suite,Frank Patel,Closed Won,16543.92,0,Large
D0717,2022-02-16,2022,February,Q1,East,Support Contract,Frank Patel,Closed Won,2408.63,0,Small
D0718,2022-09-18,2022,September,Q3,West,Pro Plan,Grace Chen,Closed Won,5249.3,0,Medium
D0719,2023-04-14,2023,April,Q2,South,Enterprise Suite,Grace Chen,Closed Won,15536.79,0,Large
D0720,2022-02-17,2022,February,Q1,South,Starter Pack,Bob Martinez,Closed Lost,0,0,Small
D0721,2023-11-06,2023,November,Q4,Central,Enterprise Suite,Henry Brooks,Closed Lost,0,0,Large
D0722,2022-01-05,2022,January,Q1,Central,Support Contract,Carol Lee,Closed Lost,0,0,Small
D0723,2023-05-10,2023,May,Q2,Central,Enterprise Suite,Grace Chen,In Pipeline,0,14127.74,Large
D0724,2022-04-17,2022,April,Q2,South,Support Contract,Carol Lee,Closed Won,1858.4,0,Small
D0725,2023-01-29,2023,January,Q1,Central,Support Contract,Frank Patel,In Pipeline,0,1846.08,Small
D0726,2022-12-18,2022,December,Q4,Central,Pro Plan,Emma Davis,Closed Lost,0,0,Medium
D0727,2023-02-27,2023,February,Q1,East,Add-On Bundle,Carol Lee,Closed Won,2555.33,0,Medium
D0728,2023-10-10,2023,October,Q4,Central,Starter Pack,Frank Patel,In Pipeline,0,868.68,Small
D0729,2023-11-20,2023,November,Q4,South,Support Contract,Emma Davis,Closed Won,1583.29,0,Small
D0730,2022-12-27,2022,December,Q4,South,Support Contract,Frank Patel,Closed Won,2047.26,0,Small
D0731,2022-10-20,2022,October,Q4,Central,Support Contract,Grace Chen,In Pipeline,0,2093.84,Small
D0732,2023-01-26,2023,January,Q1,West,Enterprise Suite,Bob Martinez,Closed Won,10646.35,0,Large
D0733,2022-10-21,2022,October,Q4,North,Pro Plan,Emma Davis,Closed Won,5445.15,0,Medium
D0734,2023-07-09,2023,July,Q3,South,Enterprise Suite,Emma Davis,Closed Won,9832.61,0,Large
D0735,2023-02-03,2023,February,Q1,West,Enterprise Suite,David Kim,In Pipeline,0,11655.34,Large
D0736,2023-03-03,2023,March,Q1,East,Enterprise Suite,Grace Chen,Closed Lost,0,0,Large
D0737,2022-09-15,2022,September,Q3,East,Support Contract,Alice Johnson,Closed Won,1659.33,0,Small
D0738,2023-07-14,2023,July,Q3,West,Pro Plan,Frank Patel,In Pipeline,0,5046.91,Medium
D0739,2022-07-01,2022,July,Q3,South,Pro Plan,Emma Davis,Closed Lost,0,0,Medium
D0740,2022-05-03,2022,May,Q2,North,Pro Plan,Carol Lee,In Pipeline,0,4559.22,Medium
D0741,2022-06-14,2022,June,Q2,West,Starter Pack,Emma Davis,Closed Won,1035.35,0,Small
D0742,2023-12-28,2023,December,Q4,East,Enterprise Suite,Frank Patel,Closed Lost,0,0,Large
D0743,2023-09-04,2023,September,Q3,South,Enterprise Suite,Carol Lee,Closed Won,9966.16,0,Large
D0744,2023-07-18,2023,July,Q3,Central,Starter Pack,Henry Brooks,In Pipeline,0,906.68,Small
D0745,2023-06-18,2023,June,Q2,East,Support Contract,David Kim,Closed Won,1513.63,0,Small
D0746,2023-07-04,2023,July,Q3,Central,Pro Plan,Grace Chen,In Pipeline,0,4594.61,Medium
D0747,2022-12-06,2022,December,Q4,East,Pro Plan,David Kim,Closed Won,4574.15,0,Medium
D0748,2023-10-27,2023,October,Q4,South,Support Contract,Henry Brooks,In Pipeline,0,1624.75,Small
D0749,2023-09-29,2023,September,Q3,East,Add-On Bundle,David Kim,In Pipeline,0,2140.93,Medium
D0750,2023-01-31,2023,January,Q1,North,Starter Pack,Grace Chen,Closed Won,858.56,0,Small
D0751,2023-06-05,2023,June,Q2,East,Enterprise Suite,Frank Patel,In Pipeline,0,12404.0,Large
D0752,2023-06-11,2023,June,Q2,North,Starter Pack,David Kim,Closed Won,764.47,0,Small
D0753,2022-08-04,2022,August,Q3,North,Pro Plan,Alice Johnson,Closed Won,5409.9,0,Medium
D0754,2023-07-05,2023,July,Q3,South,Add-On Bundle,Bob Martinez,Closed Won,2853.95,0,Medium
D0755,2023-04-16,2023,April,Q2,West,Enterprise Suite,Carol Lee,Closed Won,14761.45,0,Large
D0756,2022-07-02,2022,July,Q3,North,Enterprise Suite,Bob Martinez,Closed Won,15318.35,0,Large
D0757,2023-02-22,2023,February,Q1,Central,Enterprise Suite,David Kim,Closed Won,12393.83,0,Large
D0758,2023-02-03,2023,February,Q1,West,Add-On Bundle,Frank Patel,Closed Won,2648.75,0,Medium
D0759,2022-02-16,2022,February,Q1,Central,Enterprise Suite,Bob Martinez,In Pipeline,0,13323.18,Large
D0760,2023-12-04,2023,December,Q4,North,Starter Pack,Bob Martinez,Closed Won,882.73,0,Small
D0761,2023-02-09,2023,February,Q1,North,Starter Pack,Henry Brooks,Closed Lost,0,0,Small
D0762,2022-08-14,2022,August,Q3,North,Add-On Bundle,Carol Lee,In Pipeline,0,2070.01,Medium
D0763,2022-11-02,2022,November,Q4,West,Support Contract,Emma Davis,Closed Won,2171.47,0,Small
D0764,2022-02-12,2022,February,Q1,East,Enterprise Suite,Carol Lee,Closed Won,9636.21,0,Large
D0765,2022-08-04,2022,August,Q3,Central,Add-On Bundle,Bob Martinez,Closed Won,2747.75,0,Medium
D0766,2022-05-26,2022,May,Q2,East,Pro Plan,Grace Chen,In Pipeline,0,4267.29,Medium
D0767,2022-04-28,2022,April,Q2,South,Support Contract,Emma Davis,Closed Won,1635.87,0,Small
D0768,2022-03-16,2022,March,Q1,Central,Enterprise Suite,Henry Brooks,In Pipeline,0,11846.35,Large
D0769,2023-08-18,2023,August,Q3,North,Starter Pack,Bob Martinez,Closed Won,983.08,0,Small
D0770,2022-04-13,2022,April,Q2,East,Starter Pack,Carol Lee,Closed Won,873.97,0,Small
D0771,2023-04-07,2023,April,Q2,North,Pro Plan,Frank Patel,Closed Lost,0,0,Medium
D0772,2022-06-06,2022,June,Q2,East,Support Contract,Emma Davis,In Pipeline,0,1925.4,Small
D0773,2022-01-05,2022,January,Q1,East,Starter Pack,Grace Chen,Closed Won,889.14,0,Small
D0774,2022-05-18,2022,May,Q2,South,Add-On Bundle,Emma Davis,Closed Won,2657.05,0,Medium
D0775,2023-01-03,2023,January,Q1,East,Add-On Bundle,Henry Brooks,Closed Lost,0,0,Medium
D0776,2023-10-24,2023,October,Q4,East,Add-On Bundle,Bob Martinez,Closed Won,2560.75,0,Medium
D0777,2023-10-04,2023,October,Q4,East,Pro Plan,David Kim,Closed Won,3806.45,0,Medium
D0778,2023-08-16,2023,August,Q3,North,Enterprise Suite,Alice Johnson,In Pipeline,0,12258.48,Large
D0779,2022-09-24,2022,September,Q3,Central,Pro Plan,Alice Johnson,In Pipeline,0,4783.68,Medium
D0780,2023-02-06,2023,February,Q1,Central,Add-On Bundle,Carol Lee,Closed Won,2054.76,0,Medium
D0781,2023-05-29,2023,May,Q2,Central,Starter Pack,Carol Lee,Closed Lost,0,0,Small
D0782,2023-05-30,2023,May,Q2,Central,Enterprise Suite,Grace Chen,Closed Won,9676.26,0,Large
D0783,2022-05-24,2022,May,Q2,South,Support Contract,Carol Lee,In Pipeline,0,1860.96,Small
D0784,2023-01-03,2023,January,Q1,South,Support Contract,Carol Lee,Closed Lost,0,0,Small
D0785,2022-03-06,2022,March,Q1,North,Pro Plan,Henry Brooks,Closed Won,4313.76,0,Medium
D0786,2023-01-05,2023,January,Q1,South,Enterprise Suite,David Kim,In Pipeline,0,12197.14,Large
D0787,2022-04-16,2022,April,Q2,West,Enterprise Suite,Alice Johnson,Closed Won,14666.9,0,Large
D0788,2023-07-12,2023,July,Q3,Central,Starter Pack,Emma Davis,In Pipeline,0,963.94,Small
D0789,2023-11-01,2023,November,Q4,West,Add-On Bundle,Frank Patel,In Pipeline,0,2572.83,Medium
D0790,2022-08-17,2022,August,Q3,North,Support Contract,Emma Davis,Closed Lost,0,0,Small
D0791,2023-05-14,2023,May,Q2,Central,Add-On Bundle,Frank Patel,Closed Won,2806.31,0,Medium
D0792,2022-06-19,2022,June,Q2,Central,Enterprise Suite,Carol Lee,Closed Lost,0,0,Large
D0793,2022-06-03,2022,June,Q2,South,Enterprise Suite,Emma Davis,Closed Won,10945.72,0,Large
D0794,2023-03-01,2023,March,Q1,East,Support Contract,Bob Martinez,Closed Won,2316.07,0,Small
D0795,2022-08-04,2022,August,Q3,North,Add-On Bundle,Henry Brooks,Closed Lost,0,0,Medium
D0796,2022-09-07,2022,September,Q3,Central,Pro Plan,Grace Chen,Closed Won,3716.49,0,Medium
D0797,2023-10-07,2023,October,Q4,Central,Support Contract,Carol Lee,Closed Won,1993.65,0,Small
D0798,2022-09-22,2022,September,Q3,Central,Pro Plan,Alice Johnson,Closed Won,6090.61,0,Medium
D0799,2022-03-29,2022,March,Q1,Central,Add-On Bundle,Alice Johnson,Closed Won,2045.9,0,Medium
D0800,2022-08-13,2022,August,Q3,Central,Add-On Bundle,Henry Brooks,Closed Won,2856.08,0,Medium
D0801,2023-11-07,2023,November,Q4,Central,Pro Plan,Carol Lee,In Pipeline,0,4739.59,Medium
D0802,2023-08-28,2023,August,Q3,South,Starter Pack,Henry Brooks,In Pipeline,0,828.59,Small
D0803,2022-01-17,2022,January,Q1,West,Add-On Bundle,Carol Lee,Closed Won,2027.1,0,Medium
D0804,2022-04-09,2022,April,Q2,Central,Add-On Bundle,Carol Lee,In Pipeline,0,2097.1,Medium
D0805,2023-05-31,2023,May,Q2,Central,Support Contract,Alice Johnson,In Pipeline,0,2026.29,Small
D0806,2023-07-07,2023,July,Q3,North,Add-On Bundle,Carol Lee,In Pipeline,0,2526.16,Medium
D0807,2022-02-14,2022,February,Q1,West,Support Contract,Grace Chen,Closed Won,2193.45,0,Small
D0808,2022-12-25,2022,December,Q4,West,Pro Plan,Henry Brooks,Closed Lost,0,0,Medium
D0809,2022-05-18,2022,May,Q2,Central,Support Contract,Bob Martinez,Closed Lost,0,0,Small
D0810,2022-10-18,2022,October,Q4,East,Add-On Bundle,David Kim,Closed Won,2549.75,0,Medium
D0811,2022-01-06,2022,January,Q1,Central,Add-On Bundle,Emma Davis,Closed Won,2696.08,0,Medium
D0812,2022-01-08,2022,January,Q1,North,Support Contract,Bob Martinez,In Pipeline,0,1822.52,Small
D0813,2022-04-20,2022,April,Q2,South,Starter Pack,Grace Chen,Closed Won,803.58,0,Small
D0814,2023-03-10,2023,March,Q1,Central,Starter Pack,Emma Davis,In Pipeline,0,962.46,Small
D0815,2023-02-28,2023,February,Q1,Central,Starter Pack,Grace Chen,Closed Won,1018.14,0,Small
D0816,2023-07-27,2023,July,Q3,Central,Add-On Bundle,Carol Lee,Closed Won,2492.48,0,Medium
D0817,2022-05-22,2022,May,Q2,East,Starter Pack,Frank Patel,Closed Lost,0,0,Small
D0818,2022-04-13,2022,April,Q2,North,Pro Plan,Henry Brooks,Closed Won,4179.04,0,Medium
D0819,2023-02-03,2023,February,Q1,West,Starter Pack,Alice Johnson,Closed Won,1240.87,0,Small
D0820,2023-09-07,2023,September,Q3,North,Enterprise Suite,Carol Lee,Closed Lost,0,0,Large
D0821,2022-08-16,2022,August,Q3,West,Enterprise Suite,Bob Martinez,Closed Won,12270.01,0,Large
D0822,2023-09-21,2023,September,Q3,Central,Enterprise Suite,Grace Chen,Closed Lost,0,0,Large
D0823,2023-10-18,2023,October,Q4,Central,Starter Pack,Alice Johnson,Closed Won,986.96,0,Small
D0824,2022-02-04,2022,February,Q1,North,Pro Plan,Emma Davis,Closed Won,5716.69,0,Medium
D0825,2022-06-23,2022,June,Q2,Central,Support Contract,David Kim,In Pipeline,0,1983.97,Small
D0826,2022-03-30,2022,March,Q1,East,Pro Plan,Alice Johnson,Closed Won,6291.41,0,Medium
D0827,2023-08-24,2023,August,Q3,West,Starter Pack,Grace Chen,Closed Lost,0,0,Small
D0828,2022-04-03,2022,April,Q2,South,Support Contract,Alice Johnson,Closed Won,2033.56,0,Small
D0829,2022-10-11,2022,October,Q4,Central,Support Contract,Frank Patel,Closed Won,1684.4,0,Small
D0830,2022-01-05,2022,January,Q1,South,Add-On Bundle,Grace Chen,In Pipeline,0,2152.33,Medium
D0831,2022-03-16,2022,March,Q1,West,Support Contract,Bob Martinez,In Pipeline,0,1891.71,Small
D0832,2023-08-12,2023,August,Q3,East,Enterprise Suite,Emma Davis,In Pipeline,0,11700.51,Large
D0833,2022-12-14,2022,December,Q4,West,Add-On Bundle,Henry Brooks,Closed Won,3028.84,0,Medium
D0834,2022-04-30,2022,April,Q2,West,Add-On Bundle,Alice Johnson,Closed Lost,0,0,Medium
D0835,2023-11-25,2023,November,Q4,East,Enterprise Suite,Grace Chen,Closed Won,14648.47,0,Large
D0836,2023-07-03,2023,July,Q3,East,Add-On Bundle,Frank Patel,In Pipeline,0,1986.42,Medium
D0837,2023-02-13,2023,February,Q1,East,Pro Plan,Emma Davis,Closed Won,5418.98,0,Medium
D0838,2022-11-18,2022,November,Q4,East,Enterprise Suite,Carol Lee,Closed Lost,0,0,Large
D0839,2023-12-01,2023,December,Q4,East,Pro Plan,Emma Davis,Closed Won,6111.69,0,Medium
D0840,2022-09-05,2022,September,Q3,South,Add-On Bundle,David Kim,Closed Won,2912.02,0,Medium
D0841,2023-09-26,2023,September,Q3,South,Pro Plan,David Kim,Closed Won,4561.27,0,Medium
D0842,2023-09-21,2023,September,Q3,North,Enterprise Suite,Bob Martinez,Closed Lost,0,0,Large
D0843,2023-01-16,2023,January,Q1,North,Support Contract,Alice Johnson,Closed Lost,0,0,Small
D0844,2022-10-09,2022,October,Q4,Central,Starter Pack,Henry Brooks,In Pipeline,0,942.52,Small
D0845,2023-08-14,2023,August,Q3,Central,Starter Pack,Grace Chen,Closed Won,789.25,0,Small
D0846,2022-02-03,2022,February,Q1,Central,Add-On Bundle,Henry Brooks,In Pipeline,0,2311.63,Medium
D0847,2023-12-17,2023,December,Q4,West,Pro Plan,Henry Brooks,Closed Won,4999.15,0,Medium
D0848,2023-01-24,2023,January,Q1,East,Enterprise Suite,Alice Johnson,Closed Won,13783.26,0,Large
D0849,2023-07-16,2023,July,Q3,East,Starter Pack,Emma Davis,Closed Won,861.94,0,Small
D0850,2022-07-08,2022,July,Q3,East,Add-On Bundle,Frank Patel,Closed Won,2418.38,0,Medium
D0851,2023-02-15,2023,February,Q1,South,Add-On Bundle,Frank Patel,Closed Won,2129.11,0,Medium
D0852,2023-12-04,2023,December,Q4,South,Support Contract,Carol Lee,In Pipeline,0,1743.43,Small
D0853,2023-03-19,2023,March,Q1,North,Starter Pack,David Kim,In Pipeline,0,1041.2,Small
D0854,2022-01-10,2022,January,Q1,South,Pro Plan,Carol Lee,Closed Lost,0,0,Medium
D0855,2023-10-08,2023,October,Q4,South,Add-On Bundle,Henry Brooks,Closed Won,2442.45,0,Medium
D0856,2023-07-30,2023,July,Q3,East,Add-On Bundle,Emma Davis,Closed Won,2893.22,0,Medium
D0857,2022-03-03,2022,March,Q1,North,Add-On Bundle,Bob Martinez,Closed Won,2044.42,0,Medium
D0858,2022-12-09,2022,December,Q4,East,Add-On Bundle,Bob Martinez,Closed Lost,0,0,Medium
D0859,2023-07-25,2023,July,Q3,East,Starter Pack,Frank Patel,In Pipeline,0,1061.6,Small
D0860,2022-05-05,2022,May,Q2,East,Starter Pack,Alice Johnson,Closed Lost,0,0,Small
D0861,2023-08-13,2023,August,Q3,East,Support Contract,David Kim,In Pipeline,0,1970.93,Small
D0862,2022-11-29,2022,November,Q4,Central,Pro Plan,Emma Davis,Closed Won,5417.62,0,Medium
D0863,2023-09-21,2023,September,Q3,West,Add-On Bundle,Bob Martinez,Closed Lost,0,0,Medium
D0864,2023-10-18,2023,October,Q4,East,Add-On Bundle,Carol Lee,Closed Won,2826.19,0,Medium
D0865,2022-03-23,2022,March,Q1,East,Add-On Bundle,Grace Chen,Closed Won,1973.84,0,Medium
D0866,2023-12-29,2023,December,Q4,South,Starter Pack,Frank Patel,Closed Won,864.44,0,Small
D0867,2023-08-25,2023,August,Q3,West,Starter Pack,Henry Brooks,Closed Won,1001.31,0,Small
D0868,2022-01-24,2022,January,Q1,West,Add-On Bundle,Carol Lee,Closed Won,1925.05,0,Medium
D0869,2022-06-20,2022,June,Q2,South,Starter Pack,Bob Martinez,Closed Won,934.4,0,Small
D0870,2022-02-25,2022,February,Q1,North,Enterprise Suite,Henry Brooks,In Pipeline,0,10894.91,Large
D0871,2022-09-26,2022,September,Q3,West,Support Contract,Bob Martinez,Closed Won,2107.55,0,Small
D0872,2022-09-11,2022,September,Q3,North,Add-On Bundle,Emma Davis,Closed Won,2733.62,0,Medium
D0873,2022-06-24,2022,June,Q2,West,Pro Plan,Carol Lee,In Pipeline,0,4088.57,Medium
D0874,2023-07-08,2023,July,Q3,East,Starter Pack,Henry Brooks,Closed Lost,0,0,Small
D0875,2023-12-16,2023,December,Q4,East,Support Contract,Henry Brooks,Closed Won,2022.43,0,Small
D0876,2023-03-22,2023,March,Q1,Central,Support Contract,Henry Brooks,In Pipeline,0,1902.67,Small
D0877,2023-07-07,2023,July,Q3,Central,Starter Pack,Frank Patel,Closed Lost,0,0,Small
D0878,2023-01-10,2023,January,Q1,South,Enterprise Suite,Henry Brooks,Closed Won,12567.87,0,Large
D0879,2023-06-20,2023,June,Q2,South,Starter Pack,Alice Johnson,Closed Won,1160.31,0,Small
D0880,2023-07-02,2023,July,Q3,South,Starter Pack,Emma Davis,Closed Lost,0,0,Small
D0881,2022-01-10,2022,January,Q1,North,Add-On Bundle,Henry Brooks,Closed Won,2770.95,0,Medium
D0882,2023-07-16,2023,July,Q3,East,Support Contract,David Kim,Closed Won,1843.54,0,Small
D0883,2022-09-13,2022,September,Q3,West,Support Contract,Grace Chen,Closed Lost,0,0,Small
D0884,2022-09-27,2022,September,Q3,South,Add-On Bundle,Grace Chen,Closed Won,1864.56,0,Medium
D0885,2023-10-27,2023,October,Q4,South,Support Contract,Emma Davis,Closed Won,2242.36,0,Small
D0886,2022-07-06,2022,July,Q3,East,Add-On Bundle,David Kim,Closed Won,1940.34,0,Medium
D0887,2023-12-19,2023,December,Q4,North,Add-On Bundle,Henry Brooks,Closed Won,2582.03,0,Medium
D0888,2022-02-20,2022,February,Q1,South,Starter Pack,Alice Johnson,Closed Won,1243.65,0,Small
D0889,2022-10-03,2022,October,Q4,North,Pro Plan,Bob Martinez,Closed Won,3937.61,0,Medium
D0890,2022-06-04,2022,June,Q2,West,Enterprise Suite,David Kim,Closed Won,9706.02,0,Large
D0891,2023-05-26,2023,May,Q2,South,Starter Pack,Grace Chen,Closed Won,1258.9,0,Small
D0892,2022-05-30,2022,May,Q2,West,Enterprise Suite,Frank Patel,Closed Won,10003.48,0,Large
D0893,2022-07-16,2022,July,Q3,West,Enterprise Suite,Henry Brooks,Closed Won,16049.03,0,Large
D0894,2022-09-12,2022,September,Q3,East,Add-On Bundle,Alice Johnson,Closed Won,2267.93,0,Medium
D0895,2023-04-17,2023,April,Q2,West,Pro Plan,Alice Johnson,Closed Won,5585.37,0,Medium
D0896,2023-02-03,2023,February,Q1,North,Support Contract,David Kim,Closed Lost,0,0,Small
D0897,2023-07-17,2023,July,Q3,East,Starter Pack,Carol Lee,Closed Won,1001.3,0,Small
D0898,2023-01-05,2023,January,Q1,East,Add-On Bundle,Emma Davis,Closed Won,2931.53,0,Medium
D0899,2022-11-29,2022,November,Q4,South,Enterprise Suite,David Kim,Closed Lost,0,0,Large
D0900,2022-05-03,2022,May,Q2,North,Pro Plan,Emma Davis,In Pipeline,0,4584.34,Medium
D0901,2023-12-09,2023,December,Q4,South,Enterprise Suite,Alice Johnson,In Pipeline,0,12510.97,Large
D0902,2022-09-12,2022,September,Q3,Central,Pro Plan,Frank Patel,Closed Won,4025.79,0,Medium
D0903,2022-03-03,2022,March,Q1,North,Support Contract,Frank Patel,Closed Won,1823.96,0,Small
D0904,2023-05-15,2023,May,Q2,South,Support Contract,Bob Martinez,Closed Won,1691.29,0,Small
D0905,2022-01-22,2022,January,Q1,Central,Starter Pack,Henry Brooks,Closed Won,1092.19,0,Small
D0906,2023-05-12,2023,May,Q2,East,Pro Plan,Emma Davis,Closed Won,5507.89,0,Medium
D0907,2023-08-04,2023,August,Q3,Central,Starter Pack,Henry Brooks,Closed Won,820.78,0,Small
D0908,2023-09-06,2023,September,Q3,East,Starter Pack,Henry Brooks,Closed Won,1213.82,0,Small
D0909,2022-06-08,2022,June,Q2,Central,Pro Plan,Bob Martinez,In Pipeline,0,4656.67,Medium
D0910,2022-01-01,2022,January,Q1,East,Support Contract,Frank Patel,Closed Lost,0,0,Small
D0911,2023-09-27,2023,September,Q3,Central,Add-On Bundle,Carol Lee,Closed Won,2891.01,0,Medium
D0912,2023-11-06,2023,November,Q4,Central,Pro Plan,Frank Patel,Closed Won,6211.34,0,Medium
D0913,2022-06-07,2022,June,Q2,West,Pro Plan,Henry Brooks,In Pipeline,0,4877.6,Medium
D0914,2022-04-09,2022,April,Q2,East,Add-On Bundle,Frank Patel,Closed Won,2450.62,0,Medium
D0915,2022-02-02,2022,February,Q1,North,Enterprise Suite,Carol Lee,Closed Won,11054.97,0,Large
D0916,2023-08-08,2023,August,Q3,West,Pro Plan,Bob Martinez,Closed Won,5332.73,0,Medium
D0917,2023-01-11,2023,January,Q1,West,Add-On Bundle,Emma Davis,Closed Won,2051.35,0,Medium
D0918,2022-03-23,2022,March,Q1,North,Enterprise Suite,David Kim,Closed Lost,0,0,Large
D0919,2023-03-02,2023,March,Q1,West,Enterprise Suite,Frank Patel,In Pipeline,0,13759.3,Large
D0920,2022-02-11,2022,February,Q1,North,Support Contract,Emma Davis,In Pipeline,0,2016.52,Small
D0921,2022-04-10,2022,April,Q2,East,Enterprise Suite,David Kim,In Pipeline,0,11164.41,Large
D0922,2022-07-17,2022,July,Q3,South,Support Contract,Grace Chen,Closed Won,2008.29,0,Small
D0923,2023-07-26,2023,July,Q3,South,Support Contract,Carol Lee,In Pipeline,0,1844.2,Small
D0924,2023-12-21,2023,December,Q4,North,Support Contract,Frank Patel,Closed Lost,0,0,Small
D0925,2023-07-18,2023,July,Q3,West,Enterprise Suite,Carol Lee,Closed Won,12491.21,0,Large
D0926,2022-11-19,2022,November,Q4,East,Pro Plan,Henry Brooks,Closed Won,5085.22,0,Medium
D0927,2022-11-28,2022,November,Q4,East,Starter Pack,Grace Chen,Closed Lost,0,0,Small
D0928,2023-07-18,2023,July,Q3,Central,Pro Plan,David Kim,Closed Lost,0,0,Medium
D0929,2023-02-11,2023,February,Q1,East,Starter Pack,Henry Brooks,Closed Lost,0,0,Small
D0930,2022-01-17,2022,January,Q1,North,Enterprise Suite,Emma Davis,In Pipeline,0,12663.39,Large
D0931,2022-08-08,2022,August,Q3,East,Enterprise Suite,Emma Davis,Closed Won,15761.19,0,Large
D0932,2022-02-08,2022,February,Q1,North,Starter Pack,Carol Lee,Closed Won,968.6,0,Small
D0933,2023-08-20,2023,August,Q3,South,Pro Plan,Emma Davis,Closed Won,4274.61,0,Medium
D0934,2023-02-14,2023,February,Q1,East,Starter Pack,Bob Martinez,In Pipeline,0,963.65,Small
D0935,2022-06-27,2022,June,Q2,South,Enterprise Suite,Frank Patel,Closed Lost,0,0,Large
D0936,2023-10-20,2023,October,Q4,West,Support Contract,Bob Martinez,In Pipeline,0,1782.21,Small
D0937,2022-12-09,2022,December,Q4,Central,Add-On Bundle,Bob Martinez,Closed Won,2219.27,0,Medium
D0938,2023-10-31,2023,October,Q4,West,Add-On Bundle,Bob Martinez,Closed Won,2881.31,0,Medium
D0939,2023-06-21,2023,June,Q2,North,Add-On Bundle,Alice Johnson,Closed Won,1814.36,0,Medium
D0940,2023-05-30,2023,May,Q2,Central,Support Contract,Carol Lee,Closed Won,2193.59,0,Small
D0941,2023-09-02,2023,September,Q3,South,Enterprise Suite,Grace Chen,Closed Lost,0,0,Large
D0942,2023-03-19,2023,March,Q1,Central,Support Contract,Bob Martinez,Closed Won,1752.97,0,Small
D0943,2022-03-26,2022,March,Q1,West,Pro Plan,Carol Lee,Closed Won,4884.81,0,Medium
D0944,2022-03-29,2022,March,Q1,North,Support Contract,Grace Chen,Closed Won,1870.41,0,Small
D0945,2023-07-27,2023,July,Q3,West,Pro Plan,Carol Lee,Closed Lost,0,0,Medium
D0946,2022-07-20,2022,July,Q3,South,Add-On Bundle,Grace Chen,In Pipeline,0,2350.37,Medium
D0947,2022-09-30,2022,September,Q3,Central,Pro Plan,David Kim,Closed Won,5697.28,0,Medium
D0948,2023-11-19,2023,November,Q4,East,Support Contract,Bob Martinez,Closed Won,1886.67,0,Small
D0949,2022-12-19,2022,December,Q4,East,Starter Pack,David Kim,Closed Won,1040.69,0,Small
D0950,2023-09-24,2023,September,Q3,North,Starter Pack,Carol Lee,Closed Won,1163.66,0,Small
D0951,2022-02-15,2022,February,Q1,West,Support Contract,Carol Lee,Closed Lost,0,0,Small
D0952,2022-03-29,2022,March,Q1,South,Pro Plan,Frank Patel,Closed Won,3903.4,0,Medium
D0953,2022-01-15,2022,January,Q1,North,Pro Plan,Carol Lee,Closed Won,4526.83,0,Medium
D0954,2022-01-24,2022,January,Q1,North,Starter Pack,Henry Brooks,Closed Lost,0,0,Small
D0955,2023-07-14,2023,July,Q3,East,Pro Plan,David Kim,Closed Won,5012.82,0,Medium
D0956,2022-05-25,2022,May,Q2,East,Support Contract,Henry Brooks,In Pipeline,0,1995.34,Small
D0957,2022-06-24,2022,June,Q2,North,Add-On Bundle,Alice Johnson,Closed Won,1839.35,0,Medium
D0958,2023-04-22,2023,April,Q2,South,Support Contract,Emma Davis,Closed Won,2147.14,0,Small
D0959,2023-11-10,2023,November,Q4,North,Enterprise Suite,Grace Chen,Closed Won,15735.0,0,Large
D0960,2023-10-27,2023,October,Q4,East,Enterprise Suite,Alice Johnson,Closed Won,12382.97,0,Large
D0961,2023-05-12,2023,May,Q2,West,Support Contract,Bob Martinez,Closed Won,2376.11,0,Small
D0962,2023-05-28,2023,May,Q2,Central,Enterprise Suite,Carol Lee,Closed Won,16560.9,0,Large
D0963,2023-06-27,2023,June,Q2,Central,Enterprise Suite,Alice Johnson,Closed Won,11795.48,0,Large
D0964,2022-12-22,2022,December,Q4,West,Add-On Bundle,Carol Lee,Closed Won,2663.29,0,Medium
D0965,2022-10-10,2022,October,Q4,East,Starter Pack,David Kim,In Pipeline,0,1029.21,Small
D0966,2022-10-14,2022,October,Q4,East,Add-On Bundle,Alice Johnson,In Pipeline,0,2128.88,Medium
D0967,2023-01-27,2023,January,Q1,East,Add-On Bundle,Carol Lee,Closed Won,2447.35,0,Medium
D0968,2023-08-10,2023,August,Q3,Central,Pro Plan,Grace Chen,Closed Won,4012.42,0,Medium
D0969,2023-07-10,2023,July,Q3,East,Support Contract,Frank Patel,Closed Lost,0,0,Small
D0970,2023-07-09,2023,July,Q3,South,Pro Plan,Carol Lee,In Pipeline,0,4973.47,Medium
D0971,2022-05-19,2022,May,Q2,South,Pro Plan,Emma Davis,In Pipeline,0,4630.59,Medium
D0972,2022-03-11,2022,March,Q1,South,Support Contract,Carol Lee,Closed Won,2041.93,0,Small
D0973,2022-01-31,2022,January,Q1,North,Pro Plan,Frank Patel,Closed Won,5666.67,0,Medium
D0974,2023-10-15,2023,October,Q4,West,Add-On Bundle,Emma Davis,Closed Lost,0,0,Medium
D0975,2022-05-15,2022,May,Q2,East,Pro Plan,David Kim,Closed Won,4098.82,0,Medium
D0976,2023-08-04,2023,August,Q3,Central,Support Contract,Emma Davis,In Pipeline,0,1950.68,Small
D0977,2023-01-03,2023,January,Q1,Central,Pro Plan,David Kim,Closed Won,3814.58,0,Medium
D0978,2022-07-08,2022,July,Q3,West,Pro Plan,Henry Brooks,Closed Won,5900.75,0,Medium
D0979,2022-07-17,2022,July,Q3,West,Add-On Bundle,Carol Lee,Closed Won,2058.68,0,Medium
D0980,2022-08-16,2022,August,Q3,West,Enterprise Suite,Emma Davis,Closed Lost,0,0,Large
D0981,2023-03-26,2023,March,Q1,South,Pro Plan,Bob Martinez,Closed Won,5941.25,0,Medium
D0982,2023-03-14,2023,March,Q1,West,Starter Pack,Henry Brooks,Closed Won,938.63,0,Small
D0983,2023-02-08,2023,February,Q1,North,Support Contract,Grace Chen,Closed Won,2100.43,0,Small
D0984,2022-04-22,2022,April,Q2,Central,Support Contract,Alice Johnson,In Pipeline,0,1863.87,Small
D0985,2023-07-26,2023,July,Q3,North,Pro Plan,Grace Chen,Closed Won,4645.97,0,Medium
D0986,2023-02-12,2023,February,Q1,North,Pro Plan,Emma Davis,Closed Lost,0,0,Medium
D0987,2023-03-09,2023,March,Q1,East,Starter Pack,Henry Brooks,Closed Won,878.99,0,Small
D0988,2023-10-24,2023,October,Q4,North,Support Contract,Carol Lee,Closed Lost,0,0,Small
D0989,2023-08-23,2023,August,Q3,West,Enterprise Suite,Bob Martinez,Closed Won,16352.47,0,Large
D0990,2022-11-28,2022,November,Q4,Central,Pro Plan,Grace Chen,Closed Lost,0,0,Medium
D0991,2023-08-28,2023,August,Q3,West,Enterprise Suite,Carol Lee,Closed Lost,0,0,Large
D0992,2022-11-28,2022,November,Q4,South,Add-On Bundle,Bob Martinez,Closed Won,2673.07,0,Medium
D0993,2023-12-25,2023,December,Q4,South,Enterprise Suite,Bob Martinez,Closed Won,12835.67,0,Large
D0994,2023-09-19,2023,September,Q3,East,Enterprise Suite,Grace Chen,In Pipeline,0,14219.11,Large
D0995,2022-06-24,2022,June,Q2,West,Support Contract,Grace Chen,Closed Won,2425.23,0,Small
D0996,2022-07-03,2022,July,Q3,Central,Pro Plan,Carol Lee,Closed Won,5676.72,0,Medium
D0997,2023-04-02,2023,April,Q2,North,Add-On Bundle,Emma Davis,Closed Won,2141.19,0,Medium
D0998,2022-01-04,2022,January,Q1,South,Enterprise Suite,Carol Lee,Closed Won,14082.43,0,Large
D0999,2023-05-26,2023,May,Q2,East,Enterprise Suite,Henry Brooks,Closed Lost,0,0,Large
D1000,2022-08-11,2022,August,Q3,Central,Enterprise Suite,Henry Brooks,Closed Won,13839.81,0,Large
